TT id,LinkColorHex,ColorTeam (from LinkColorHex),IMG WP,ColorSkin (from LinkColorHex),ShapesLink,ShapeRarity,ColorRarity,RarityTotal,RarityTotal TTid Factor,TTidFactorCal,RaritiesConcatenated,RaritiesArray,Concatenate Attibutes,Concatenate Attributes and Array
17,#e27f84,CherryBosoms_OO,t_12.svg (https://v5.airtableusercontent.com/v1/15/15/1680883200000/8-GPvjZ4o8Sq8QD3zSkhIg/2ZHejtn2apsz65VBzOqEPRDRAiq_8vq6a8tjWrILHynhtDU73NkZwnhiX_4ij41DCF9AYwVuggc9G9oLP22CEQ/7BLQYyjvKiztJK528jajo9ynBNPaNQgHzl_zJBMZmDI),#891946,Artemis,12.50,0.69,0.056,0.0094,0.1700,RC-0.69_RS-12.5_RT-0.06,RC-0.69_RS-12.5_RT-0.06,tts_CherryBosoms_OO-Artemis-17_RC-0.69_RS-12.5_RT-0.06,tts_CherryBosoms_OO-Artemis-17_
53,#56c195,GreenFairies,t_99.svg (https://v5.airtableusercontent.com/v1/15/15/1680883200000/wWgABxPpzA6EpRxWG5NyzQ/BW1tgt90pV3DbUJfBC1e4lZULPsHpLnKI3w4yaR6GB7a0ZdeZFnDayVmh-2DydXP79S9uayIRkSz-4q0uugDrg/FQGI99xj5lmhnCyXOISJ6fO7gHM6XLZRwUXYM0Ikg5g),#1E8774,Artemis,12.50,0.69,0.056,0.0294,0.5300,RC-0.69_RS-12.5_RT-0.06,RC-0.69_RS-12.5_RT-0.06,tts_GreenFairies-Artemis-53_RC-0.69_RS-12.5_RT-0.06,tts_GreenFairies-Artemis-53_
57,#9b7bc1,PassionFronts,t_121.svg (https://v5.airtableusercontent.com/v1/15/15/1680883200000/0nzZCZ-DvLJmbLqGwmJUmQ/Or5jMfIS6P2I7qQdiGNEfb52mWEqWZT2ymeDxnRh2SQG1jVZfF7-EOC-sKOpfvebb2wIw4Kz3mW8AoaY2893PD0l1U6bmSg6DOf2xqPv-zM/nlQf149RvyQm3n3dSVthD7ys4WUR88NmdE3IEXpVPbA),#632F87,Artemis,12.50,0.69,0.056,0.0317,0.5700,RC-0.69_RS-12.5_RT-0.06,RC-0.69_RS-12.5_RT-0.06,tts_PassionFronts-Artemis-57_RC-0.69_RS-12.5_RT-0.06,tts_PassionFronts-Artemis-57_
2,#c1958e,ChocoLattes_OO,t_7.svg (https://v5.airtableusercontent.com/v1/15/15/1680883200000/u1cVnSff2i84UPdXUtZlhg/Q2zIbKPs4lJ8gVixEyusbbCQuOAF-FKSIz0HZO4im5GA6l-prNwe2hKyND4dQm8Dxic-QkgZcYN9YrM6vC2KZg/mdUcn96h1R_MenxfDHNK3eCjSwskuj0Cldh5Z-5ooWM),#874D3C,Oh Buoys,8.33,0.69,0.083,0.0017,0.0200,RC-0.69_RS-8.33_RT-0.08,RC-0.69_RS-8.33_RT-0.08,tts_ChocoLattes_OO-Oh Buoys-2_RC-0.69_RS-8.33_RT-0.08,tts_ChocoLattes_OO-Oh Buoys-2_
50,#8ac17b,GreenTeatea,t_83.svg (https://v5.airtableusercontent.com/v1/15/15/1680883200000/GYLBOxQX54lbnzVC_5jbzA/HtcnkgZquSJ2earFqKCue0T0SB0Q5FbdLdH4j40CosKv3_-bUv0HKMVwiqnsIBiPVST9sLK0ePFJwaoa27AL3Q/t7KKpDsIgym4MmVSUHzKHpVUxD7g0p2AsMr4VV9dxj4),#31872F,Artemis,12.50,1.39,0.111,0.0556,0.5000,RC-1.39_RS-12.5_RT-0.11,RC-1.39_RS-12.5_RT-0.11,tts_GreenTeatea-Artemis-50_RC-1.39_RS-12.5_RT-0.11,tts_GreenTeatea-Artemis-50_
58,#c12eb7,BrasBerries,t_141.svg (https://v5.airtableusercontent.com/v1/15/15/1680883200000/P754Jqim2f6ny7Io6ywlig/59jsvH6msmuHiDJieWgpHk1XNGd9-_KOvLjD3NrejPPaik4hNqhwec_-5rCAiH7ZOgbqQ0mEdAZRbm1c4ikktn7ZSPq6fxaHaKIbsmmFyj4/WZkH5OLNWecN_FtMAPmy0drJv-oh4g86wkSc1xLKxDM),#871362,Artemis,12.50,1.39,0.111,0.0644,0.5800,RC-1.39_RS-12.5_RT-0.11,RC-1.39_RS-12.5_RT-0.11,tts_BrasBerries-Artemis-58_RC-1.39_RS-12.5_RT-0.11,tts_BrasBerries-Artemis-58_
63,#e2dd40,LimeJellies,t_8.svg (https://v5.airtableusercontent.com/v1/15/15/1680883200000/75B_o9ws1fmanWxxTJhE3A/FODAJKNCopNPMAc4EX0STroeOcgbvpmiOzc3ZTjk1ln9yg2XsLm8uwIYC0Khklx6pRzMsDlInmNk3q3qqWpnOw/4QP9o0duM_J1MG3LIwP7qNbRZErMVdc91ynvY8-0NWg),#377813,Artemis,12.50,1.39,0.111,0.0700,0.6300,RC-1.39_RS-12.5_RT-0.11,RC-1.39_RS-12.5_RT-0.11,tts_LimeJellies-Artemis-63_RC-1.39_RS-12.5_RT-0.11,tts_LimeJellies-Artemis-63_
56,#e2dd40,LimeJellies,t_55.svg (https://v5.airtableusercontent.com/v1/15/15/1680883200000/fd55jlKDAitZhJDQvfUUfg/qw_0ZByj6hS_7Ro7Md065XlGtkCYS9_QwFVEC9-FzycIVXSgTgQhOClGs9B37oserbRESF3AltGx0oagfui72w/w_4-DQ3tRv-iRER5VSmfZuBGUqhULMkEJvpflE3WOXc),#377813,Perkies,10.42,1.39,0.133,0.0747,0.5600,RC-1.39_RS-10.42_RT-0.13,RC-1.39_RS-10.42_RT-0.13,tts_LimeJellies-Perkies-56_RC-1.39_RS-10.42_RT-0.13,tts_LimeJellies-Perkies-56_
59,#c12eb7,BrasBerries,t_54.svg (https://v5.airtableusercontent.com/v1/15/15/1680883200000/gd5GH6ID-2JXE_N0u5M2Pg/H-eJ7cwvRechp4QSgVESnDIiJ-YrSGTIh3xY_zxw8vYT9joaVOS56_J4SZ5anecN7miF0RXJmkPWnq8Bu6i-qg/6LBsTJNAH3OpTgELFNRgCINk_wPVUa07KjKZYanuKOY),#871362,Perkies,10.42,1.39,0.133,0.0787,0.5900,RC-1.39_RS-10.42_RT-0.13,RC-1.39_RS-10.42_RT-0.13,tts_BrasBerries-Perkies-59_RC-1.39_RS-10.42_RT-0.13,tts_BrasBerries-Perkies-59_
46,#8ac17b,GreenTeatea,t_104.svg (https://v5.airtableusercontent.com/v1/15/15/1680883200000/84brPvWB63asz_jqc1TSDg/3g3AA4jcRiSadQ55OMDv5wbYW1w3AHIvPnA9P8NTCqjec2EQygN_QQZQEFhz82PIT8hMmfWYNq3WAVxcNpRzeYKxyZtM2KST51LHx4kauVY/-djSLaqQfP3Ctbp9NlViBxCIldEtP0UYAVkcgWiniLE),#31872F,Trooper,6.94,1.39,0.200,0.0920,0.4600,RC-1.39_RS-6.94_RT-0.2,RC-1.39_RS-6.94_RT-0.2,tts_GreenTeatea-Trooper-46_RC-1.39_RS-6.94_RT-0.2,tts_GreenTeatea-Trooper-46_
61,#70e2b4,RackBerries,t_143.svg (https://v5.airtableusercontent.com/v1/15/15/1680883200000/FL3H5BE29P5Z1tv7ablmOQ/JN8UGwKUkSkRY7z-nJUhAyF-6RC4oCDghZEvRXYRZ3EXt0_zghnaT6MwEHOzY53l2EsbjUkm9rgux4j33Fs8kw1XRbOAlJZOj1po9vSH6CU/Cng6QoCAt86pXDIx0iHnEEUZsSjaUhEGgastb6dL65M),#385978,Artemis,12.50,2.78,0.222,0.1356,0.6100,RC-2.78_RS-12.5_RT-0.22,RC-2.78_RS-12.5_RT-0.22,tts_RackBerries-Artemis-61_RC-2.78_RS-12.5_RT-0.22,tts_RackBerries-Artemis-61_
62,#70e2b4,RackBerries,t_66.svg (https://v5.airtableusercontent.com/v1/15/15/1680883200000/UZdYIM9LzRJeUsluymzLiA/RiFa9NeBIuHuH9vTP1Q2lhOV6hSuCI_63FY4yZfoUP2glsZLuK7q2pT58qJUHpUPDBeQx6gjCQaCNnInVULsyA/Vd4GgjdPZvJ1ZivRyqP8TtnMmYluwUaK7lQ_E-DLF3E),#385978,Perkies,10.42,2.78,0.267,0.1653,0.6200,RC-2.78_RS-10.42_RT-0.27,RC-2.78_RS-10.42_RT-0.27,tts_RackBerries-Perkies-62_RC-2.78_RS-10.42_RT-0.27,tts_RackBerries-Perkies-62_
64,#70e2b4,RackBerries,t_76.svg (https://v5.airtableusercontent.com/v1/15/15/1680883200000/Rg1mHiGgmtimLsMvvBQSUw/CAPKEeT08RIuvk079OkiDcpZOgfv37pS5zEa-Wi0mJcfgpL6B9g701BmOTBeWP029ZCDYj28YPTLowStnqDWsQ/IQnyGUMBhCN8j06kJ6v6Zf1XrAi4-2xJx954a_vM_q4),#385978,Shaggies,6.94,2.78,0.400,0.2560,0.6400,RC-2.78_RS-6.94_RT-0.4,RC-2.78_RS-6.94_RT-0.4,tts_RackBerries-Shaggies-64_RC-2.78_RS-6.94_RT-0.4,tts_RackBerries-Shaggies-64_
55,#70e2b4,RackBerries,t_103.svg (https://v5.airtableusercontent.com/v1/15/15/1680883200000/CCAHCrqgAIRaqvoiDeBNpA/jaaIrS9opGgtIRbOVln9hDdvnoDNRxsvTKpaYtWxelaHp8agGsJ2XR6b6ckJeHr4v-80NTZyzgkx5rjgOzNYO8o9JZ53EBph6DAjvF6dOis/ilBpuHG9WOrJLcOIgKHrzFz3gP4bZL5hy29y98UHOq8),#385978,Buffies,6.25,2.78,0.444,0.2444,0.5500,RC-2.78_RS-6.25_RT-0.44,RC-2.78_RS-6.25_RT-0.44,tts_RackBerries-Buffies-55_RC-2.78_RS-6.25_RT-0.44,tts_RackBerries-Buffies-55_
86,#ebf2a7,PaPairmint,t_101.svg (https://v5.airtableusercontent.com/v1/15/15/1680883200000/LRBw9BFXxzJxbKJ9OaSQCw/yGWvSA2Yj0cNSXsEOeH_xuq7LnAHf8OivvhfkwnYgwymJ2NPbnWCt5HhthYU7lA6bShe1jbc4oQoi5Yhp3y1mw4GhQjV1RGpwh_SqIancFg/Fu-4mvGhXO32LGi0w1aodFkuKokaqKdBItXvf7Qo-b8),#BFD65B,Artemis,12.50,6.94,0.556,0.4778,0.8600,RC-6.94_RS-12.5_RT-0.56,RC-6.94_RS-12.5_RT-0.56,tts_PaPairmint-Artemis-86_RC-6.94_RS-12.5_RT-0.56,tts_PaPairmint-Artemis-86_
88,#cdbef7,PurpleHush,t_56.svg (https://v5.airtableusercontent.com/v1/15/15/1680883200000/y49iBI7jlBG7BwW2b5rleQ/fASiRaxDpVCktUOkFzBEjXkucKEzcvs-1gPL0ISJIGwZoeQzH63BsUfftBbccdT6kjRcj8e_1dVNp95Ztyl8uA/NX0lYtScvrI-gUPMqOo9omICVle0u2IywOvEq1ZWuV4),#5F4B8B,Artemis,12.50,6.94,0.556,0.4889,0.8800,RC-6.94_RS-12.5_RT-0.56,RC-6.94_RS-12.5_RT-0.56,tts_PurpleHush-Artemis-88_RC-6.94_RS-12.5_RT-0.56,tts_PurpleHush-Artemis-88_
47,#e6bbb4,ChocoLattes,t_79.svg (https://v5.airtableusercontent.com/v1/15/15/1680883200000/-uBa9Qqv9hVO6cKlPHpSiQ/uP7v8Dhu58hqzCji1OPj2X7_7DiCEBRzDmZJLTESqWheQqn9DLlFhDfrkJEcgwA9WWe9v1kNkb4ZUEvlE66PtA/HP8qJ7ngzPfJocmE_WCcyvkMUOMgfYk_1NiLrrdRs-M),#874D3C,Artemis,12.50,6.94,0.556,0.2611,0.4700,RC-6.94_RS-12.5_RT-0.56,RC-6.94_RS-12.5_RT-0.56,tts_ChocoLattes-Artemis-47_RC-6.94_RS-12.5_RT-0.56,tts_ChocoLattes-Artemis-47_
37,#ffd8bd,PeCans,t_100.svg (https://v5.airtableusercontent.com/v1/15/15/1680883200000/SsoBuIkdarV_jPQnnY4RSg/xiq5zTKCeeBcOkXNCmNUfOriRHX2lGildlDMSujgVevzB_FVu-G-bxKCB14AtwOmrzgx-3e8TBjEJC3f0lXt6K_MCzjbSEiq7NWv3zUZ5Ow/WpCw3fYNPkarWc7KbFA3Q703R98437ylV4NFGgsp6fg),#b7896a,Artemis,12.50,6.94,0.556,0.2056,0.3700,RC-6.94_RS-12.5_RT-0.56,RC-6.94_RS-12.5_RT-0.56,tts_PeCans-Artemis-37_RC-6.94_RS-12.5_RT-0.56,tts_PeCans-Artemis-37_
54,#ff9a9f,CherryBosoms,t_139.svg (https://v5.airtableusercontent.com/v1/15/15/1680883200000/5N2ZLg2ya3Rq6yW7QUbyWw/Utm0Kxufgq5QM3twBNE3F_hbbW-G8wt8nYbZGj8z7W-cxiBtT8zcL3lnC-hjPoAIaDwB7cJqQTyxETfz1UGP4icN8WuE7yINHXKQ7kUj7XQ/1uXoaL5K9f_w0A74_J2rXkTv4upZYKUqGLPGFXIjj10),#891946,Perkies,10.42,6.25,0.600,0.3240,0.5400,RC-6.25_RS-10.42_RT-0.6,RC-6.25_RS-10.42_RT-0.6,tts_CherryBosoms-Perkies-54_RC-6.25_RS-10.42_RT-0.6,tts_CherryBosoms-Perkies-54_
97,#9bd3f9,BooBerries,t_67.svg (https://v5.airtableusercontent.com/v1/15/15/1680883200000/bieAXGy9EVGARWLv0an95w/yZIz8ZFnNmJL8q1OzaZyt7WzpnmXXTqdvXZ54YvRYNLiVwA80CbO76klO1zUITQfZP0_OjZ081V9SiPolNee9Q/eh623g7xkPWAiGsPRCQ34iL4evGQoka2txvbm_14zkM),#30B4E2,Artemis,12.50,7.64,0.611,0.5928,0.9700,RC-7.64_RS-12.5_RT-0.61,RC-7.64_RS-12.5_RT-0.61,tts_BooBerries-Artemis-97_RC-7.64_RS-12.5_RT-0.61,tts_BooBerries-Artemis-97_
96,#ffe1b6,TataColadas,t_78.svg (https://v5.airtableusercontent.com/v1/15/15/1680883200000/n0o-uRFZHFTTtQ0eS7OM_g/0VpNSArjmcZy90HSp-iQf3WbvQLjwUYItoIzINvQhvUz4zlIG0dwnun8fvg-h7Lkicd54J3Bs1nYSsetr0_aeA/iKC2p2hKNtCb-JtnQk7q_790ra6pKZ1zeQaNEdN6Kzs),#F9C87A,Artemis,12.50,7.64,0.611,0.5867,0.9600,RC-7.64_RS-12.5_RT-0.61,RC-7.64_RS-12.5_RT-0.61,tts_TataColadas-Artemis-96_RC-7.64_RS-12.5_RT-0.61,tts_TataColadas-Artemis-96_
49,#f9b4e4,WaterMelons,t_122.svg (https://v5.airtableusercontent.com/v1/15/15/1680883200000/OEQ6uRqCs6Aj_5rrdYfr0w/aAaj7eicdx2KIyHoUhBXLNeZFGKkjLrp4rvkT97YEWxjFs8BJU1fhCklBk0wge4cG9qG9uUPKri-wnCyl90_lW262XqFBIwY9RFRPIfNRdY/-Xw6FtSsG0GCQAcxXoU5i36o7rwdYIga92dkQeQgsQw),#EF6EAA,Artemis,12.50,7.64,0.611,0.2994,0.4900,RC-7.64_RS-12.5_RT-0.61,RC-7.64_RS-12.5_RT-0.61,tts_WaterMelons-Artemis-49_RC-7.64_RS-12.5_RT-0.61,tts_WaterMelons-Artemis-49_
140,#f4d4fc,StarBust,t_23.svg (https://v5.airtableusercontent.com/v1/15/15/1680883200000/iiDtwlhtnyV9lUE4hd_7iw/BcBkeqFVwtKvmZFnRBJFmUcnzFN9FsDWf19PFgpYqhjPjJSxWLWd_Y71YMpUpfjlDsrYTQcJ9wg1lgGJreusrg/ky0rJ1eQ01lXiQq6K1d9kF5s_nljWhCsySzvgnBzrHE),#F3A4FF,Artemis,12.50,8.33,0.667,0.9333,1.4000,RC-8.33_RS-12.5_RT-0.67,RC-8.33_RS-12.5_RT-0.67,tts_StarBust-Artemis-140_RC-8.33_RS-12.5_RT-0.67,tts_StarBust-Artemis-140_
3,#eacece,CocoNaugthy,t_24.svg (https://v5.airtableusercontent.com/v1/15/15/1680883200000/7e6tbJy2d2Ib0jppDB0HgA/eEcFKivxdvvtMySD_HwjzAOm18qgnUVb4mineieenhJ4_qlYDuKSUdnwm-Ia2YbI4Y5GrRA5XWvBZEozClXEGg/nbj-u0jFn6aLEU6S12XdMNSAtVNXRKPtKVIZb37WGVo),#D6AAAA,Artemis,12.50,8.33,0.667,0.0200,0.0300,RC-8.33_RS-12.5_RT-0.67,RC-8.33_RS-12.5_RT-0.67,tts_CocoNaugthy-Artemis-3_RC-8.33_RS-12.5_RT-0.67,tts_CocoNaugthy-Artemis-3_
48,#FCDACA,ButterUdders,t_45.svg (https://v5.airtableusercontent.com/v1/15/15/1680883200000/q-duJvHuxmQvsyjvXiG1sg/yOQigeMr4MpXD9mtTj4iJWaMw86HZiv6IhqBJ0LGOGNF1FqIDwCDFstyLtMsC9H4wLkSBKrwP38Xtowh587R8A/Fh3cnkcvDCA6P3wjuG1OQR865zkpstKNQR2hP3ELCDI),#F9BE9D,Artemis,12.50,8.33,0.667,0.3200,0.4800,RC-8.33_RS-12.5_RT-0.67,RC-8.33_RS-12.5_RT-0.67,tts_ButterUdders-Artemis-48_RC-8.33_RS-12.5_RT-0.67,tts_ButterUdders-Artemis-48_
15,#f9cdaf,CupCakes,t_133.svg (https://v5.airtableusercontent.com/v1/15/15/1680883200000/S7FpMTWQT1_bddsxAew6Dg/lRDTjGJkQ5jAOV-yZ9hjvkVG-0RCeI8yU4DlQH6ZEbvlJpqtr7PaEgso6TnBem-II03RSZEAQPwxXfs3rim5Af03xJoEJUhI-BWiq5l4VLA/I7crSmdJXmFKaXpVrr9gQ65own6ThNsmZwRxHsA5hy0),#E29764,Artemis,12.50,8.33,0.667,0.1000,0.1500,RC-8.33_RS-12.5_RT-0.67,RC-8.33_RS-12.5_RT-0.67,tts_CupCakes-Artemis-15_RC-8.33_RS-12.5_RT-0.67,tts_CupCakes-Artemis-15_
134,#ffd8bd,PeCans,t_95.svg (https://v5.airtableusercontent.com/v1/15/15/1680883200000/4BT30R5AquhHwY9uK4JScg/CZlXaY8cHa_reOQUEFXYA0F-64YC1ThJpWrGXi2oU28RhHRJOdLHBEXGI-tBUpga_Y59lsCGuGrjWC8QAtI4YA/FluASYA34H_6dAxX0mVe5rLLzCEB0OO94rh7RlK0v6c),#b7896a,Perkies,10.42,6.94,0.667,0.8933,1.3400,RC-6.94_RS-10.42_RT-0.67,RC-6.94_RS-10.42_RT-0.67,tts_PeCans-Perkies-134_RC-6.94_RS-10.42_RT-0.67,tts_PeCans-Perkies-134_
118,#ebf2a7,PaPairmint,t_106.svg (https://v5.airtableusercontent.com/v1/15/15/1680883200000/vnym-ACtNTTthhNI0Z6Hbw/Ip_bdLVJdiNEP6e7vqXMt0YI-qpm7DqUHmNPKLeBZ7heFr5CegIPtJCd2SaE18td3CZxwDy6jX9lP3COQ9H_5JnrKDxJE1kykYFMNx7cAlY/zBSkzR80X20cywnIA7N2_GOOJqaBbziqeJgop-nTTnA),#BFD65B,Perkies,10.42,6.94,0.667,0.7867,1.1800,RC-6.94_RS-10.42_RT-0.67,RC-6.94_RS-10.42_RT-0.67,tts_PaPairmint-Perkies-118_RC-6.94_RS-10.42_RT-0.67,tts_PaPairmint-Perkies-118_
51,#e6bbb4,ChocoLattes,t_84.svg (https://v5.airtableusercontent.com/v1/15/15/1680883200000/NCtlygM-2fTcrgu26dzq-w/GgxhJF2teG9f56eyw1F1y5lFKsGQGv036CQCc_xsCEcD6tQAVwni78ALCHcQ63DOgQ7hkv5M8YJEKKDT-rdBjQ/up5oquzaTWTVL-CatO1AKAhe5lIb54ArfsIeNI3WeaA),#874D3C,Perkies,10.42,6.94,0.667,0.3400,0.5100,RC-6.94_RS-10.42_RT-0.67,RC-6.94_RS-10.42_RT-0.67,tts_ChocoLattes-Perkies-51_RC-6.94_RS-10.42_RT-0.67,tts_ChocoLattes-Perkies-51_
66,#cdbef7,PurpleHush,t_50.svg (https://v5.airtableusercontent.com/v1/15/15/1680883200000/u2ufGXq60JFg53sFny1gfg/ACAy5n6BTy-75E90l-vXZGHgPbWP3O1laUxIQjJoMmVi5jKDv0QfAPYpIvtrCqwy6S_GTkfQggOobgOSOLXCzA/Td88RaRpF-pE4BrSQlUfuAJPhBYf7Zw6fF5OOM7llx4),#5F4B8B,Perkies,10.42,6.94,0.667,0.4400,0.6600,RC-6.94_RS-10.42_RT-0.67,RC-6.94_RS-10.42_RT-0.67,tts_PurpleHush-Perkies-66_RC-6.94_RS-10.42_RT-0.67,tts_PurpleHush-Perkies-66_
43,#f9b4e4,WaterMelons,t_117.svg (https://v5.airtableusercontent.com/v1/15/15/1680883200000/PNOWQMNSOl8ytbNFXWLkyw/GcdMqlggfEQVUYXNTqEQDBo5N2ObEjcPF3yIyO9grlzgqoSTwoBbYluuACKGRlaJqJqI86o1FufQ2lSnqzKxlQV6g6MnUP2Ba2RcDdYP_38/-XkYnWb2rmvlJbCJAViwkFz8gYjVq0AJUNcjjF6_szQ),#EF6EAA,Perkies,10.42,7.64,0.733,0.3153,0.4300,RC-7.64_RS-10.42_RT-0.73,RC-7.64_RS-10.42_RT-0.73,tts_WaterMelons-Perkies-43_RC-7.64_RS-10.42_RT-0.73,tts_WaterMelons-Perkies-43_
90,#9bd3f9,BooBerries,t_61.svg (https://v5.airtableusercontent.com/v1/15/15/1680883200000/yu-O9Rs-VLRjdMdHwF0NaA/d-MJsPMUJqxDzZvLQtqZiRkjT5Uu2uNuqw4b47rsMM7rU5Doj6GztSTZOfGSC-6S3noOmF91m6oG2uPCd-_6uw/dH0-ZcbXso9g-vrupeuqAEglfVzZIjDxMYYcCMKxyI0),#30B4E2,Perkies,10.42,7.64,0.733,0.6600,0.9000,RC-7.64_RS-10.42_RT-0.73,RC-7.64_RS-10.42_RT-0.73,tts_BooBerries-Perkies-90_RC-7.64_RS-10.42_RT-0.73,tts_BooBerries-Perkies-90_
89,#ffe1b6,TataColadas,t_6.svg (https://v5.airtableusercontent.com/v1/15/15/1680883200000/bEts4hnCfps616JmvIjyRA/-q4ltRGTHGvlK0vq_rIwLXFl6q2oGbj0IHfjfkIOqewXxAuBFpv2vHeprwzsR4UQaFbEecvC7tv7XF1ab3EfkA/WSouqI_0ZXLW_NBTFhCrU2pZeHm3BsJFh-v4_RHMCqA),#F9C87A,Perkies,10.42,7.64,0.733,0.6527,0.8900,RC-7.64_RS-10.42_RT-0.73,RC-7.64_RS-10.42_RT-0.73,tts_TataColadas-Perkies-89_RC-7.64_RS-10.42_RT-0.73,tts_TataColadas-Perkies-89_
144,#ff9a9f,CherryBosoms,t_140.svg (https://v5.airtableusercontent.com/v1/15/15/1680883200000/Bl4MxHq8vC9mE1WcrIFxPw/uKVas79TZf123pFVnq6faksgURN7rzvpQ4MseyEk4P7RJx6fyGxUL3x8Cjh5CgzYRRLUw-_oa8R-z_1pqXuj7uchuOlZRwHJ0WypfkfiIuE/pSA-_ih0sH_0qj--Hh2Wrwn4rNM-pZuRv0Drr9R2dBo),#891946,TotalRecalls,8.33,6.25,0.750,1.0800,1.4400,RC-6.25_RS-8.33_RT-0.75,RC-6.25_RS-8.33_RT-0.75,tts_CherryBosoms-TotalRecalls-144_RC-6.25_RS-8.33_RT-0.75,tts_CherryBosoms-TotalRecalls-144_
20,#ff9a9f,CherryBosoms,t_136.svg (https://v5.airtableusercontent.com/v1/15/15/1680883200000/bjWJkmpUwmhvMaf_AiImiA/-prpedItxgsXicfFPZ4ktEkC80m7WwzMo6NO0mcQ2Kxu8bLuOrysFvb2lepJAXke263bwOCefS34TYl_8IjLXQ8km_vOmGpXkc7YHGPDEz4/XOCJNQX8s801HabpsLYoRMw0-WD-H8nNao2RmuQm_b4),#891946,Spades,8.33,6.25,0.750,0.1500,0.2000,RC-6.25_RS-8.33_RT-0.75,RC-6.25_RS-8.33_RT-0.75,tts_CherryBosoms-Spades-20_RC-6.25_RS-8.33_RT-0.75,tts_CherryBosoms-Spades-20_
10,#ff9a9f,CherryBosoms,t_138.svg (https://v5.airtableusercontent.com/v1/15/15/1680883200000/GhSTVK-l27mQtS-i-KwB6g/untxRHiaXffa2QMYiOGI1OsWgBB_XeNPzOlEcf0DDb9-67OfynkCs7jgxVZMZYrWvnZXYwIDDCTBM7d600zIV_0rfDvzVIQbkDwDMBibDBk/SODi-xIlJ9LF5nUKZBQUA-GWtT0MD7sHOoQymo2XWN0),#891946,Oh Buoys,8.33,6.25,0.750,0.0750,0.1000,RC-6.25_RS-8.33_RT-0.75,RC-6.25_RS-8.33_RT-0.75,tts_CherryBosoms-Oh Buoys-10_RC-6.25_RS-8.33_RT-0.75,tts_CherryBosoms-Oh Buoys-10_
30,#ff9a9f,CherryBosoms,t_144.svg (https://v5.airtableusercontent.com/v1/15/15/1680883200000/6EYXS322s9cNbGCImA4oVg/xP1hh5DvVI8i1RvqhfwsLp63kKm5Y0gyLdwOnKfGs199y8YCbQDD4-7pWbpkHAD1pteLdKRbJyqCay1qVLLjbtG6MQ8Ej3ztY1zQrIiK9wg/v9BBHmXTTyY4XU1WsYwwS98JpQaF0-A8fBZLG2NXme0),#891946,Hoots,8.33,6.25,0.750,0.2250,0.3000,RC-6.25_RS-8.33_RT-0.75,RC-6.25_RS-8.33_RT-0.75,tts_CherryBosoms-Hoots-30_RC-6.25_RS-8.33_RT-0.75,tts_CherryBosoms-Hoots-30_
93,#ff9a9f,CherryBosoms,t_142.svg (https://v5.airtableusercontent.com/v1/15/15/1680883200000/XYJF3mY0Vf9h9pagZmocqQ/OHhvmneD1rAexHt2B37B_eUZFnFlO2WzUFB1soYDNzyGyWmgYgbl93sVKpN0Ejd-YtCqyxASaBZfP5Wzk9volFkiLp58sCwTxoKe_6KaR34/RcKOZ8R65ruWxMUmCXWKODAdBylYZawF_vOiTS0gq40),#891946,HolyMels,8.33,6.25,0.750,0.6975,0.9300,RC-6.25_RS-8.33_RT-0.75,RC-6.25_RS-8.33_RT-0.75,tts_CherryBosoms-HolyMels-93_RC-6.25_RS-8.33_RT-0.75,tts_CherryBosoms-HolyMels-93_
137,#eacece,CocoNaugthy,t_30.svg (https://v5.airtableusercontent.com/v1/15/15/1680883200000/w2PSCyFmUbeDJz0Vz8YuHQ/WGH4Ub7Khvhz1nyLDo7g-2cqg3_AZAPSPB9Gtgx6SyztZD2qJXc0UC5IrYUhVl6vprQRRFsPD-Cx9mXJM0CKYg/ef2UF2R4aytWPgmTmYl5vHou8JKJlXV76KJr6HFUUzE),#D6AAAA,Perkies,10.42,8.33,0.800,1.0960,1.3700,RC-8.33_RS-10.42_RT-0.8,RC-8.33_RS-10.42_RT-0.8,tts_CocoNaugthy-Perkies-137_RC-8.33_RS-10.42_RT-0.8,tts_CocoNaugthy-Perkies-137_
78,#f4d4fc,StarBust,t_17.svg (https://v5.airtableusercontent.com/v1/15/15/1680883200000/4OEd-mT3W8U1svHsL4Bdig/uruhKGFcMJ27B5oxai2dvJw-5L4hoix4Bpi1CirAnd3tYQaHb3F3RNbuqGwAaF03XIFau6ObOKa-tXABONwiUw/RGZcFQOQZahfkmPRu0zHZz8RDMC_cNkLYgHhC8rqrCk),#F3A4FF,Perkies,10.42,8.33,0.800,0.6240,0.7800,RC-8.33_RS-10.42_RT-0.8,RC-8.33_RS-10.42_RT-0.8,tts_StarBust-Perkies-78_RC-8.33_RS-10.42_RT-0.8,tts_StarBust-Perkies-78_
19,#FCDACA,ButterUdders,t_39.svg (https://v5.airtableusercontent.com/v1/15/15/1680883200000/OPFmRurKGUBBNc51SY1Qyw/wMXzGr4XTjQGI9dPh742yiKFGDM1Z7KH81Oc6lkehmLnJHgtUqqNMBSIQKpV9hFs5Sj77bTPOLYDtKyfbkU0hw/1KVprxL4uiNajOFjmAg-gZtVPWOPNVNbwLz1_Mr_NmY),#F9BE9D,Perkies,10.42,8.33,0.800,0.1520,0.1900,RC-8.33_RS-10.42_RT-0.8,RC-8.33_RS-10.42_RT-0.8,tts_ButterUdders-Perkies-19_RC-8.33_RS-10.42_RT-0.8,tts_ButterUdders-Perkies-19_
122,#f9cdaf,CupCakes,t_128.svg (https://v5.airtableusercontent.com/v1/15/15/1680883200000/lpsTz50vFqWVMYhtp8XGEg/12jSJjVoXGWSeq4SexIsF19ygJPj7qwAEv-Lr-tL2s1Vqi7m8fC0_HBMs4rvn7bY4Rb4j6uelKzlQkj-I72rHVmcVG8f-eAgd4XhwYXn4jc/QIOj6z--f-RfP83H43atfXJDiiF9Vw7fFGy7jnCpVjs),#E29764,Perkies,10.42,8.33,0.800,0.9760,1.2200,RC-8.33_RS-10.42_RT-0.8,RC-8.33_RS-10.42_RT-0.8,tts_CupCakes-Perkies-122_RC-8.33_RS-10.42_RT-0.8,tts_CupCakes-Perkies-122_
141,#cdbef7,PurpleHush,t_46.svg (https://v5.airtableusercontent.com/v1/15/15/1680883200000/1PNnFRk-3rrOYXZ_ryFW1A/EhfMKCy3qVSyowDuguoRlBDixHofl8TOj4crZvWoWwOeVjXbzcH_uqRWXfMfth4jojQVTnmb7GHzNh-sUIg15w/EuOxnH-SmsggsORE5XhgAjDtKUTUcQa2LUGSVpPtm-c),#5F4B8B,Hoots,8.33,6.94,0.833,1.1750,1.4100,RC-6.94_RS-8.33_RT-0.83,RC-6.94_RS-8.33_RT-0.83,tts_PurpleHush-Hoots-141_RC-6.94_RS-8.33_RT-0.83,tts_PurpleHush-Hoots-141_
136,#cdbef7,PurpleHush,t_53.svg (https://v5.airtableusercontent.com/v1/15/15/1680883200000/gL2vrBxM6-x95URtqjdkiQ/F6ub1840F0S5l17USunRXBJV3d_JQRoT40C1P7rgFyQI1ngnHfatP6A2BLhJzisL37h1dMWIT_2AAzDbLcpw6g/o-KUkK6bvojB6MZZ7CLzAfPC5qK5QE-vZLb5xXwgeiA),#5F4B8B,Spades,8.33,6.94,0.833,1.1333,1.3600,RC-6.94_RS-8.33_RT-0.83,RC-6.94_RS-8.33_RT-0.83,tts_PurpleHush-Spades-136_RC-6.94_RS-8.33_RT-0.83,tts_PurpleHush-Spades-136_
129,#cdbef7,PurpleHush,t_49.svg (https://v5.airtableusercontent.com/v1/15/15/1680883200000/jmOQuyHDYr0CPLmXIB0inw/8JB1q7NQW674jXLZNRUwAoMXvJyF_8wAucnINRpMv0hatDKcay_kaVjdNHgmHiUFvN93pjGn3UNbR3fE9VrmIw/gehFGs6CkyytL3HpEA_tiRm7wruBsXWYegb7bIj1Xmc),#5F4B8B,TotalRecalls,8.33,6.94,0.833,1.0750,1.2900,RC-6.94_RS-8.33_RT-0.83,RC-6.94_RS-8.33_RT-0.83,tts_PurpleHush-TotalRecalls-129_RC-6.94_RS-8.33_RT-0.83,tts_PurpleHush-TotalRecalls-129_
16,#ffd8bd,PeCans,t_96.svg (https://v5.airtableusercontent.com/v1/15/15/1680883200000/j3uRaNFBk2UJMSm5iDXmpw/gIjoCfB9ds13u5HotA5adw04kiUOE34N3LAPAzV3JIUuYJSbnfTtVDZySdfZ69rh4YDfAEtmj7xqsn-QoevYKw/jcPBuLshernjlWPFaCfNGZ64_Ezul9b4qoAuw48E7B0),#b7896a,Oh Buoys,8.33,6.94,0.833,0.1333,0.1600,RC-6.94_RS-8.33_RT-0.83,RC-6.94_RS-8.33_RT-0.83,tts_PeCans-Oh Buoys-16_RC-6.94_RS-8.33_RT-0.83,tts_PeCans-Oh Buoys-16_
110,#ebf2a7,PaPairmint,t_9.svg (https://v5.airtableusercontent.com/v1/15/15/1680883200000/ivatrp_2dZdxPjdy76lKZw/7fDYyWH46JIXjLoued5qYx5sU1cNADFrxHwKRbNeVH3chrKg9B7nafI1Z5fKxHwjiPafvK6k8hhGniWoE05zDA/oKpR7kgsVzyr-4-_mge50Y0O8geBP879orjBjZ4tYeU),#BFD65B,Spades,8.33,6.94,0.833,0.9167,1.1000,RC-6.94_RS-8.33_RT-0.83,RC-6.94_RS-8.33_RT-0.83,tts_PaPairmint-Spades-110_RC-6.94_RS-8.33_RT-0.83,tts_PaPairmint-Spades-110_
99,#e6bbb4,ChocoLattes,t_87.svg (https://v5.airtableusercontent.com/v1/15/15/1680883200000/E-3CzO5ZweahcbqmbmOaXA/mx2Ip-Jk1_Gbf9_SZ27XSqw1xxn0gg1deCxlMI32_PFPenR8lakQuRbA0mV2mFuz2rtjgaRsrL_79ySENZbZFg/Cag2DM9C4l9XsTZHGrZKBG1AAmTmtReLFfSwFICTtpc),#874D3C,HolyMels,8.33,6.94,0.833,0.8250,0.9900,RC-6.94_RS-8.33_RT-0.83,RC-6.94_RS-8.33_RT-0.83,tts_ChocoLattes-HolyMels-99_RC-6.94_RS-8.33_RT-0.83,tts_ChocoLattes-HolyMels-99_
104,#e6bbb4,ChocoLattes,t_89.svg (https://v5.airtableusercontent.com/v1/15/15/1680883200000/9lHQ8_FB-Z-0ym9joNiZjg/6GATCsyP09JX8pVNsg0FHaaQTonR1Ydk95CZsDE6KdlX0-OjgA0GQVZX1Ae8lxis1fdvCivxUSlaSz19EaYx2A/WgGX1L3aRZ2ySdPpcKD2LbNtow3d2rQLdsDxzseQLlQ),#874D3C,Hoots,8.33,6.94,0.833,0.8667,1.0400,RC-6.94_RS-8.33_RT-0.83,RC-6.94_RS-8.33_RT-0.83,tts_ChocoLattes-Hoots-104_RC-6.94_RS-8.33_RT-0.83,tts_ChocoLattes-Hoots-104_
106,#ebf2a7,PaPairmint,t_111.svg (https://v5.airtableusercontent.com/v1/15/15/1680883200000/k1bsG8uyzpJidfp0sH_3_Q/3I6mr_pKAtg8P2LoTI8tB0n256Nb98Mn4wFqr8R9dVmKKjuDlVnnCsy53chfWEbWEwOmayaQ4Yi68uXLSR_Q_81ci1LSSsYrDqeC-RF4Was/MwmJn06ECxw1DZmgziEI01V-8EZVkeA94EQBXkqLZ5E),#BFD65B,Hoots,8.33,6.94,0.833,0.8833,1.0600,RC-6.94_RS-8.33_RT-0.83,RC-6.94_RS-8.33_RT-0.83,tts_PaPairmint-Hoots-106_RC-6.94_RS-8.33_RT-0.83,tts_PaPairmint-Hoots-106_
41,#ffd8bd,PeCans,t_92.svg (https://v5.airtableusercontent.com/v1/15/15/1680883200000/-0GR1vMRORO5MUvTzGoj-g/bIR5r3xgGXH0KJdjSLAzKt6rqnqfWBtMyiH5BeYM2X_gQ4RGihzDusrsaCIfDQ7mmStq9qbRfv_Pd7jS8qCFCg/4E665XnUPwg28LYN6mx81KgDR9mMODNs1wtF21Q-5kU),#b7896a,HolyMels,8.33,6.94,0.833,0.3417,0.4100,RC-6.94_RS-8.33_RT-0.83,RC-6.94_RS-8.33_RT-0.83,tts_PeCans-HolyMels-41_RC-6.94_RS-8.33_RT-0.83,tts_PeCans-HolyMels-41_
117,#ffd8bd,PeCans,t_90.svg (https://v5.airtableusercontent.com/v1/15/15/1680883200000/eeBNrfD2f_rBZntgc3k0-g/6wJGRuRfZ91vC6yqfco6X_X5s_0gbPgsakufQDqCP1uCE0Ydvj2S6eRdkQTkQ3RCDGhgy1zMoQY7fr0xmZh73w/R2FTdodYeiwHeZ2U8ovDgLs_KZVTLo-rZvP_bwr7rSU),#b7896a,Hoots,8.33,6.94,0.833,0.9750,1.1700,RC-6.94_RS-8.33_RT-0.83,RC-6.94_RS-8.33_RT-0.83,tts_PeCans-Hoots-117_RC-6.94_RS-8.33_RT-0.83,tts_PeCans-Hoots-117_
33,#ebf2a7,PaPairmint,t_109.svg (https://v5.airtableusercontent.com/v1/15/15/1680883200000/EGwoOZiHkejGh8gpazRJvQ/4PcwDhfPLyil0WCCZLkzDv_zl7vObq_k970X-ONVytJm10KGEvCsl1cYkVtsLu7xi1VN7s2PQ-OBNkaCOfPyDrlPS_u-ErCbFytU0MTL_rk/4DDVJD8jNHFZa8QQp7-jXU-brrDGUIsVhQ6g8dv49sI),#BFD65B,HolyMels,8.33,6.94,0.833,0.2750,0.3300,RC-6.94_RS-8.33_RT-0.83,RC-6.94_RS-8.33_RT-0.83,tts_PaPairmint-HolyMels-33_RC-6.94_RS-8.33_RT-0.83,tts_PaPairmint-HolyMels-33_
119,#ffd8bd,PeCans,t_97.svg (https://v5.airtableusercontent.com/v1/15/15/1680883200000/3T2t-v91pw53DwvS2yCQog/h-PweDBjrGyc4baE-YxvaTudLivZD6GldRfA1UETb-vUjWb2aZrS8T6Uy-_5_nEXCUfrNaZ_ATgguwgQrMqFrQ/JjtpvSfw5cgD203gvep-F-I6oYpdRAkmiGgDpqKSXLc),#b7896a,Spades,8.33,6.94,0.833,0.9917,1.1900,RC-6.94_RS-8.33_RT-0.83,RC-6.94_RS-8.33_RT-0.83,tts_PeCans-Spades-119_RC-6.94_RS-8.33_RT-0.83,tts_PeCans-Spades-119_
11,#e6bbb4,ChocoLattes,t_82.svg (https://v5.airtableusercontent.com/v1/15/15/1680883200000/tPvcSn-X-siB_WtaZ-2bZg/JhCsavx1zAhkBT0HbZDTZXQa34QSQGS51Ctfyzxy6XsGuYTdCc6vbu_KPXBomxJ2OCkt5r7OzNTEEeeuV8lXIg/XBYets_glpy5Qd6S5oKTXlaAYDrRoNguSbhc1E66JDg),#874D3C,Spades,8.33,6.94,0.833,0.0917,0.1100,RC-6.94_RS-8.33_RT-0.83,RC-6.94_RS-8.33_RT-0.83,tts_ChocoLattes-Spades-11_RC-6.94_RS-8.33_RT-0.83,tts_ChocoLattes-Spades-11_
105,#cdbef7,PurpleHush,t_51.svg (https://v5.airtableusercontent.com/v1/15/15/1680883200000/kbkk5j1hjbjQGy4PRWEqgA/lD29zR6nL3VxdoA2eFh32FudC5GpKwtvvOW6KyeOlEHMx35tSXr7V5ot1ETZ_f6HkfBSgz4XfbsHlDDJD9iJgA/ekNG1t6Rzt3bQ3zBTdC1RqOYneBKLK5qzKVYw7sVxSE),#5F4B8B,Oh Buoys,8.33,6.94,0.833,0.8750,1.0500,RC-6.94_RS-8.33_RT-0.83,RC-6.94_RS-8.33_RT-0.83,tts_PurpleHush-Oh Buoys-105_RC-6.94_RS-8.33_RT-0.83,tts_PurpleHush-Oh Buoys-105_
38,#ffd8bd,PeCans,t_94.svg (https://v5.airtableusercontent.com/v1/15/15/1680883200000/Is64M-KunTDhhNcMfe40rw/_hBGS4vI1fETPbFmVf8cLtJrcB-WUA5WULEK0qWMC0-EmUCcltkvwuwfKstqNbiyk8oAyFNJaHadnVBcObAgiQ/HLhty6f0ER9zsvhsMcpDjYbp-jVBnDkT_oqr7IVU9GY),#b7896a,TotalRecalls,8.33,6.94,0.833,0.3167,0.3800,RC-6.94_RS-8.33_RT-0.83,RC-6.94_RS-8.33_RT-0.83,tts_PeCans-TotalRecalls-38_RC-6.94_RS-8.33_RT-0.83,tts_PeCans-TotalRecalls-38_
108,#cdbef7,PurpleHush,t_48.svg (https://v5.airtableusercontent.com/v1/15/15/1680883200000/2W8feTxtukd3V3CZkUEpYA/ak0I3KnUwhk55omPx2hekMPF1Vn1HYQHUFYbS4wUIt_lX7WvMsKISSoJa2mVK2hXmWIrozzHBocZJu5tLe3ZHQ/MGkvUq9unI7Biy-0bdyKiaePUZuzNeDmVo2eJNSsmfE),#5F4B8B,HolyMels,8.33,6.94,0.833,0.9000,1.0800,RC-6.94_RS-8.33_RT-0.83,RC-6.94_RS-8.33_RT-0.83,tts_PurpleHush-HolyMels-108_RC-6.94_RS-8.33_RT-0.83,tts_PurpleHush-HolyMels-108_
94,#e6bbb4,ChocoLattes,t_85.svg (https://v5.airtableusercontent.com/v1/15/15/1680883200000/xvi_nRF0mNUaPC_MQv9w8Q/uv2o9zU-sV9LBmAOKxOqnurLtHJy_FpmXvE0p6BzzHoIEqu3w2HldFTxPY4W2kp0nzt4VPeI-YE_2SZABzusRw/zZPdTmSx-LhQxGzgSHEnrVJUGRCPkCxDreNODGxAnVQ),#874D3C,TotalRecalls,8.33,6.94,0.833,0.7833,0.9400,RC-6.94_RS-8.33_RT-0.83,RC-6.94_RS-8.33_RT-0.83,tts_ChocoLattes-TotalRecalls-94_RC-6.94_RS-8.33_RT-0.83,tts_ChocoLattes-TotalRecalls-94_
39,#ebf2a7,PaPairmint,t_105.svg (https://v5.airtableusercontent.com/v1/15/15/1680883200000/ZH3RkzBKtsF76t1hn2FbTg/mucB0vv9olFkEU8ULLbY9wxEqbmbO4YEp-zaC8LGNhkQLHPcHC6Z-EcW6ebUbp2YezXDbdBDTt1o-0c5Efi0o5kiJ4wATV80DOVTAXJ2Pe0/dGxN2Tu_E4ROjP0Cmbvno3U2VQ-nFSsXjKvo6naaG8E),#BFD65B,Oh Buoys,8.33,6.94,0.833,0.3250,0.3900,RC-6.94_RS-8.33_RT-0.83,RC-6.94_RS-8.33_RT-0.83,tts_PaPairmint-Oh Buoys-39_RC-6.94_RS-8.33_RT-0.83,tts_PaPairmint-Oh Buoys-39_
45,#ebf2a7,PaPairmint,t_107.svg (https://v5.airtableusercontent.com/v1/15/15/1680883200000/4vyulnLH1_4IfzxZrUqqqA/xx86nmiRJ4aO5YIJGSnW1FQuFy4758zkm06GWO0WJBKbxbOnr1PWQChG7ERqhO8Z8XbXK_WBJEhXmOYeYfQPh8DYjnM-D414ajIJ8pWLfYw/S8Y9A4ZVXHtxmirn-P0y5MuBHkgNPiQDZhTx46eM4MM),#BFD65B,TotalRecalls,8.33,6.94,0.833,0.3750,0.4500,RC-6.94_RS-8.33_RT-0.83,RC-6.94_RS-8.33_RT-0.83,tts_PaPairmint-TotalRecalls-45_RC-6.94_RS-8.33_RT-0.83,tts_PaPairmint-TotalRecalls-45_
26,#ff9a9f,CherryBosoms,t_135.svg (https://v5.airtableusercontent.com/v1/15/15/1680883200000/icJTIPJ7Csnb8wPGkwlqzg/sAruPj-8VymAbb9ybIh6XN6K8z4SSQZUhFP4eywRom6mECOwPQE9RnGtte2nRJZLjjbNe5ty44xFzHJDFoKbqcIJNpBnsepDIXgfit5I_Oo/xbtwPrBa_TGByzmBY6-Szy4aGujOFWZ93fyUVU-uxlc),#891946,Trooper,6.94,6.25,0.900,0.2340,0.2600,RC-6.25_RS-6.94_RT-0.9,RC-6.25_RS-6.94_RT-0.9,tts_CherryBosoms-Trooper-26_RC-6.25_RS-6.94_RT-0.9,tts_CherryBosoms-Trooper-26_
65,#ff9a9f,CherryBosoms,t_137.svg (https://v5.airtableusercontent.com/v1/15/15/1680883200000/gyf-jh7u-DH3DCC33dhUqw/-atNoGJY9C7IN-v0GFu_YV7SYxkH23L9fV21vLxr4CsduPZWsNdPDjgKBiEdZ99L21sml2MmYw3Cfgj9O6MNwnaU3s6BfhGfL65VZsS5AAk/xyiJI5U1Qlv335u_HHF52rntOztvXJplD3HovvRttIo),#891946,Shaggies,6.94,6.25,0.900,0.5850,0.6500,RC-6.25_RS-6.94_RT-0.9,RC-6.25_RS-6.94_RT-0.9,tts_CherryBosoms-Shaggies-65_RC-6.25_RS-6.94_RT-0.9,tts_CherryBosoms-Shaggies-65_
138,#e6bbb4,ChocoLattes,t_86.svg (https://v5.airtableusercontent.com/v1/15/15/1680883200000/-zhUEYCBQlKxyjc1xZIMCw/IaRrPTt9VYz4ok7YGjbhKvAyUR2rsp5i1l8O7WnZ7N81A2NYyQ_LNdhBfGEvprssA0FpRVYwpIQdTTi9fEjXCA/PBGTyQnCNbREb4FkB-Y-UJnyzDa0YZyzQGnRI9JJ7iU),#874D3C,Vintties,7.64,6.94,0.909,1.2545,1.3800,RC-6.94_RS-7.64_RT-0.91,RC-6.94_RS-7.64_RT-0.91,tts_ChocoLattes-Vintties-138_RC-6.94_RS-7.64_RT-0.91,tts_ChocoLattes-Vintties-138_
75,#e6bbb4,ChocoLattes,t_88.svg (https://v5.airtableusercontent.com/v1/15/15/1680883200000/bG2lGGW2_BReuG1FMBUwlQ/DLXstmF1e7Py6cgnqGWrCwW4PsWyjKxRzA8lalmQbxuSXTuvrbw8oQmepHIKOF7g-5GT1ArIYu_C_J6MuYrCFQ/gLyjsnRBsdorU9IgSwHt2uUTkyCAUbgCN9uLUffsjZo),#874D3C,Hypnotits,7.64,6.94,0.909,0.6818,0.7500,RC-6.94_RS-7.64_RT-0.91,RC-6.94_RS-7.64_RT-0.91,tts_ChocoLattes-Hypnotits-75_RC-6.94_RS-7.64_RT-0.91,tts_ChocoLattes-Hypnotits-75_
22,#ffd8bd,PeCans,t_91.svg (https://v5.airtableusercontent.com/v1/15/15/1680883200000/YfgGV-4D77flt_I3hHrySQ/fvYVoabP1k0Y1sH3_kl8TLlbJeiVzstSUKQDEtxVvv9hPVFGaV9nWhNTbLuTm_RXggPLjdJM9OTy_dsNBpbXdw/7aw8SKy4MKZ_5P-W1rsLpC8a17mDuejjo9al0a4Bk_M),#b7896a,Hypnotits,7.64,6.94,0.909,0.2000,0.2200,RC-6.94_RS-7.64_RT-0.91,RC-6.94_RS-7.64_RT-0.91,tts_PeCans-Hypnotits-22_RC-6.94_RS-7.64_RT-0.91,tts_PeCans-Hypnotits-22_
84,#cdbef7,PurpleHush,t_47.svg (https://v5.airtableusercontent.com/v1/15/15/1680883200000/iKAlQ77d6c9Z0TGAuAs20A/zhAMYv41HCeCa4r60HUlncsGT9rpXkKTRFdhCLP0olBeqO6PbjQ7aOEdkY2HIsPM-k6vSZiB5uAtg7DWnRVCdw/ggwMteRzAorvAtNoUzsdhgoTAF8VBv-vyZsfPP1DoFw),#5F4B8B,Hypnotits,7.64,6.94,0.909,0.7636,0.8400,RC-6.94_RS-7.64_RT-0.91,RC-6.94_RS-7.64_RT-0.91,tts_PurpleHush-Hypnotits-84_RC-6.94_RS-7.64_RT-0.91,tts_PurpleHush-Hypnotits-84_
95,#ebf2a7,PaPairmint,t_108.svg (https://v5.airtableusercontent.com/v1/15/15/1680883200000/V-ToDDp8zJXvgzw0Vb1GiQ/ZeeHFgKvmFt74fLuS6iB3Mc_2ecVeZQczgWKOJDiZgCBF2_XjgfXZY86hY4rOUwNk9MPJQhAwfml3Jkn86SWC5vtdg2F6xK1lPtGyv0538A/KFE3FIJ8kJKH10cZ_xUWYCgY9whmz0DYX9f3CUgSrA0),#BFD65B,Vintties,7.64,6.94,0.909,0.8636,0.9500,RC-6.94_RS-7.64_RT-0.91,RC-6.94_RS-7.64_RT-0.91,tts_PaPairmint-Vintties-95_RC-6.94_RS-7.64_RT-0.91,tts_PaPairmint-Vintties-95_
115,#cdbef7,PurpleHush,t_4.svg (https://v5.airtableusercontent.com/v1/15/15/1680883200000/vryr0TvJviJbVtno_mp_bA/F4tc54MTiJo5j12C6OLNAcKDzwzo9wLsYWUGeo0BTTkJgl6O_5yPXYmBqLGDgbGD653lVYrcapwI5NmBqVYUxQ/7brI7J0wjUobsmXGG6qa-6wYqKmaWFQxhXF21yougUA),#5F4B8B,Vintties,7.64,6.94,0.909,1.0455,1.1500,RC-6.94_RS-7.64_RT-0.91,RC-6.94_RS-7.64_RT-0.91,tts_PurpleHush-Vintties-115_RC-6.94_RS-7.64_RT-0.91,tts_PurpleHush-Vintties-115_
32,#ffd8bd,PeCans,t_93.svg (https://v5.airtableusercontent.com/v1/15/15/1680883200000/ubgtMESrut3-Vz4Rn-v7HQ/wrHjR8CecNQEPj61fCdDCcDt7Z6cY_ZoB2x_STHuZT2CXU-Hkkzh7WQErZTTl5rqB9MBdQICaX7sUfpipICYQA/NMjvosuVLAhP6X5qQ12UrdWG58sGxhBtVu76j5ZGin4),#b7896a,Vintties,7.64,6.94,0.909,0.2909,0.3200,RC-6.94_RS-7.64_RT-0.91,RC-6.94_RS-7.64_RT-0.91,tts_PeCans-Vintties-32_RC-6.94_RS-7.64_RT-0.91,tts_PeCans-Vintties-32_
25,#ebf2a7,PaPairmint,t_110.svg (https://v5.airtableusercontent.com/v1/15/15/1680883200000/2O5cZzko96wYyd14Ri35ww/oNI9vIF7DPW_BQjthsbQr3ab8uCS7i6muiO9_GMlbuRK-DczsRN6TYp_N5ts4Xz8z0qTLMUIRci2O4Yj-FbiHYBLS5-3rq9HOnF8RBvPsbI/dX23SIEx41sIyFqDcuwTb5SJKvRnRkUGxp34--P7myY),#BFD65B,Hypnotits,7.64,6.94,0.909,0.2273,0.2500,RC-6.94_RS-7.64_RT-0.91,RC-6.94_RS-7.64_RT-0.91,tts_PaPairmint-Hypnotits-25_RC-6.94_RS-7.64_RT-0.91,tts_PaPairmint-Hypnotits-25_
143,#f9b4e4,WaterMelons,t_118.svg (https://v5.airtableusercontent.com/v1/15/15/1680883200000/8FqPkPAOOwW9p7zdol8AXQ/BiPzwrj1zPVaT6F37mB59qU8rVzTugX3p2-pa0bYItea0oMZM31t6kwwJb6TZkvxuzJlOMw9fPdZK7PFE3-0hUII9bhQ2zmnNyKnzYa19PU/RUhdOftjrt7pi5Kn0_AwkmxLNaHSomStsZ3Yn9AkwCA),#EF6EAA,Oh Buoys,8.33,7.64,0.917,1.3108,1.4300,RC-7.64_RS-8.33_RT-0.92,RC-7.64_RS-8.33_RT-0.92,tts_WaterMelons-Oh Buoys-143_RC-7.64_RS-8.33_RT-0.92,tts_WaterMelons-Oh Buoys-143_
133,#f9b4e4,WaterMelons,t_120.svg (https://v5.airtableusercontent.com/v1/15/15/1680883200000/AU_iPPmOW_6VjKVcH5C0mg/9gqkDObj41-V-MzNMucL1xOcMFud0TxHEHEnBrZ_2CQpOVubuQWGIyMcOJXWCIeN8zs0OstEI7zsxGN4P3TOTh4PioRoIUdthcuj0DMqP7s/nqJ49u_l3cVPPmIsWnOzbMEw_3cR3IUAfnrhbuFUCxU),#EF6EAA,Spades,8.33,7.64,0.917,1.2192,1.3300,RC-7.64_RS-8.33_RT-0.92,RC-7.64_RS-8.33_RT-0.92,tts_WaterMelons-Spades-133_RC-7.64_RS-8.33_RT-0.92,tts_WaterMelons-Spades-133_
131,#f9b4e4,WaterMelons,t_116.svg (https://v5.airtableusercontent.com/v1/15/15/1680883200000/uWj6FBHQ75JP9ZCbxM2xNQ/ZhmkrSDp2EfUSpPqj3Qy1IlSFipL5KRENeBchfVmqzNrurNuSqCFJHUjF5J4STpjVqM-vwl-Ikd46NSynb1TjxowSQ9MwDlZsS-LSbVVVVI/EY_LihhkXSXBUS8s3l-jqi2hhk_NGqLGbL_S240Amlo),#EF6EAA,TotalRecalls,8.33,7.64,0.917,1.2008,1.3100,RC-7.64_RS-8.33_RT-0.92,RC-7.64_RS-8.33_RT-0.92,tts_WaterMelons-TotalRecalls-131_RC-7.64_RS-8.33_RT-0.92,tts_WaterMelons-TotalRecalls-131_
8,#9bd3f9,BooBerries,t_57.svg (https://v5.airtableusercontent.com/v1/15/15/1680883200000/CSjvQHTJ8EgRejmgEFdTuA/97crFjLhXd72qxC1PHgv_zYh62S8Fs04PxqDdbL2FeI_KOmA3iGEQMM4cWTyA_bs3d3_OtDoajEckh6ENA2oAA/hRLYFfRZJM7FkaVXXOGgIcPS6K42dA_6IUXlQeCiRxM),#30B4E2,Hoots,8.33,7.64,0.917,0.0733,0.0800,RC-7.64_RS-8.33_RT-0.92,RC-7.64_RS-8.33_RT-0.92,tts_BooBerries-Hoots-8_RC-7.64_RS-8.33_RT-0.92,tts_BooBerries-Hoots-8_
81,#ffe1b6,TataColadas,t_72.svg (https://v5.airtableusercontent.com/v1/15/15/1680883200000/8WXxvcZJqnzD5ze7k5XdZQ/dMe-X9FFIJInD2biF3WwFoE4oJgxOY7hYXvaqeiqX9asRaIJ0MXO2R2C3HV0aShzkLNZDK_4doyo87nViOEUSg/0Mj83cjt4BvBGPESOrlwgC6orTC9AoXwJQXu-pekHVw),#F9C87A,TotalRecalls,8.33,7.64,0.917,0.7425,0.8100,RC-7.64_RS-8.33_RT-0.92,RC-7.64_RS-8.33_RT-0.92,tts_TataColadas-TotalRecalls-81_RC-7.64_RS-8.33_RT-0.92,tts_TataColadas-TotalRecalls-81_
120,#9bd3f9,BooBerries,t_59.svg (https://v5.airtableusercontent.com/v1/15/15/1680883200000/BgITT-bEiuEIncIX110Yfg/94sxC_7jnl1eg9v9UrKPv3f_NPPSHFUQ_IfsYoFz16HsqIlA16vlsT3ii8J3F9Xdp3SKQE7pmPLI0zz9kpY4kw/5PGipnSkpOhtjLeYMXAMkaiT1NKKlFdq7dNoe8EZc7E),#30B4E2,HolyMels,8.33,7.64,0.917,1.1000,1.2000,RC-7.64_RS-8.33_RT-0.92,RC-7.64_RS-8.33_RT-0.92,tts_BooBerries-HolyMels-120_RC-7.64_RS-8.33_RT-0.92,tts_BooBerries-HolyMels-120_
125,#9bd3f9,BooBerries,t_64.svg (https://v5.airtableusercontent.com/v1/15/15/1680883200000/yhs0v-avPU465MIYxpFZmw/i7osN1_jlZQreuM_xQOVp3KXo3JYjb8lt__LREM9R3aJ0w6vJOb1KtwMIpAhXMTPKm4Q6wSGu6cVKty5umUUMg/VrNi92Hv7gczL-omMefmyQ2pQWqOZt45c2H0K7s3dvQ),#30B4E2,Spades,8.33,7.64,0.917,1.1458,1.2500,RC-7.64_RS-8.33_RT-0.92,RC-7.64_RS-8.33_RT-0.92,tts_BooBerries-Spades-125_RC-7.64_RS-8.33_RT-0.92,tts_BooBerries-Spades-125_
21,#ffe1b6,TataColadas,t_73.svg (https://v5.airtableusercontent.com/v1/15/15/1680883200000/9ExPopyrqSTDhL10KJYzwQ/1s0n78DI8K7IKR7af-933FRTUzhqTb8ocv3KPviWhE7_XwQhC74hEsCoid-2SKNwaQhtGKFEP066xyu7S3SmEg/AAviZapgFT32X3twcTfs4BlT625UkqpQqZVSxyBMEcY),#F9C87A,Oh Buoys,8.33,7.64,0.917,0.1925,0.2100,RC-7.64_RS-8.33_RT-0.92,RC-7.64_RS-8.33_RT-0.92,tts_TataColadas-Oh Buoys-21_RC-7.64_RS-8.33_RT-0.92,tts_TataColadas-Oh Buoys-21_
27,#9bd3f9,BooBerries,t_62.svg (https://v5.airtableusercontent.com/v1/15/15/1680883200000/7Q8X6CYSd9_p3C18shBjWg/bPMYq6DFklxrBujpmT-Jg9WhREJ2f9cRJTPi0EWgME_1wwQfQBXTAkAGgGvvE0Vmu6xQ__L8LQpWpgHGwyOUwA/9992dntId5EvtrEElowSP-g2Jeibxlk1fsW04m7A_PU),#30B4E2,Oh Buoys,8.33,7.64,0.917,0.2475,0.2700,RC-7.64_RS-8.33_RT-0.92,RC-7.64_RS-8.33_RT-0.92,tts_BooBerries-Oh Buoys-27_RC-7.64_RS-8.33_RT-0.92,tts_BooBerries-Oh Buoys-27_
68,#f9b4e4,WaterMelons,t_114.svg (https://v5.airtableusercontent.com/v1/15/15/1680883200000/5ytPEZ3_kIKb9m9fdr5kQg/bj14jRdnMHSmIGwTV4GYC87KlMVjYvfM0gcoWPrX8iY52Gvi7gOLIVfc7MMCxCOgy-PrCNmPxYk1Skzn6EobDMFi1_eR0E6nhrcTw-ZqmL4/4q_f62fQGKSMNipbpEKl3jB6p0pSzosnj1W7BtxmjIk),#EF6EAA,HolyMels,8.33,7.64,0.917,0.6233,0.6800,RC-7.64_RS-8.33_RT-0.92,RC-7.64_RS-8.33_RT-0.92,tts_WaterMelons-HolyMels-68_RC-7.64_RS-8.33_RT-0.92,tts_WaterMelons-HolyMels-68_
80,#ffe1b6,TataColadas,t_70.svg (https://v5.airtableusercontent.com/v1/15/15/1680883200000/EL0HxnfS86ZdGV2WdyUZFw/ARqcH4XrSaN7EOYjdLX2V-eclSrECHCOi7NAT8aJwNiWtPjdpK5yRfvQXm7oc7FCGcqG0uyIJizyeXmRbcBRaw/1X_DP0-q1QTGQGSht27nDbXJAuHwWA5yC8gLItS3Kgs),#F9C87A,HolyMels,8.33,7.64,0.917,0.7333,0.8000,RC-7.64_RS-8.33_RT-0.92,RC-7.64_RS-8.33_RT-0.92,tts_TataColadas-HolyMels-80_RC-7.64_RS-8.33_RT-0.92,tts_TataColadas-HolyMels-80_
123,#f9b4e4,WaterMelons,t_112.svg (https://v5.airtableusercontent.com/v1/15/15/1680883200000/TZ_y6vIe1yw74WLy4okkkQ/onCufAIurVFH0XCzEfHuovraR17m4AdMlVL-IO-ThG0kxeJLhgygXYNzxG7lk74l8nNjezMvwalf6VQfZIBTmCJ5bpPt_uQRRvRJ6pbGdD4/BhgtzH6I1Ira9sZYfuKbmYKwyiuaaumue9t8ILc-ugk),#EF6EAA,Hoots,8.33,7.64,0.917,1.1275,1.2300,RC-7.64_RS-8.33_RT-0.92,RC-7.64_RS-8.33_RT-0.92,tts_WaterMelons-Hoots-123_RC-7.64_RS-8.33_RT-0.92,tts_WaterMelons-Hoots-123_
76,#ffe1b6,TataColadas,t_75.svg (https://v5.airtableusercontent.com/v1/15/15/1680883200000/WrxAOLbrYpVVHSS_zwlsAA/9RjYgPPrYVfvpLrtGhZw2G_xv-_0c1TajsU-u0EOULre_15Q4Qeh4fwQ2q-RJEjrHwTWWoakc06AQYpBpsHp8w/KNpu3zC21pvs3D1axawtH3aFAN6rWn6XOfWuVuVCr2g),#F9C87A,Spades,8.33,7.64,0.917,0.6967,0.7600,RC-7.64_RS-8.33_RT-0.92,RC-7.64_RS-8.33_RT-0.92,tts_TataColadas-Spades-76_RC-7.64_RS-8.33_RT-0.92,tts_TataColadas-Spades-76_
124,#9bd3f9,BooBerries,t_5.svg (https://v5.airtableusercontent.com/v1/15/15/1680883200000/avrDjvk4a4rVO-ifeOSV9Q/fwzX7f2Q7EjOp1P-kd4BePitsqGnhnW6GYqdOzILpWOEBXjjfz_axCZKy07y_IgudRwXi_YjTHk9f6a5Gn8KQg/MUBWFmBzbcdIBA9HXXzgFB0aB6fixdBphSTwE39E35E),#30B4E2,TotalRecalls,8.33,7.64,0.917,1.1367,1.2400,RC-7.64_RS-8.33_RT-0.92,RC-7.64_RS-8.33_RT-0.92,tts_BooBerries-TotalRecalls-124_RC-7.64_RS-8.33_RT-0.92,tts_BooBerries-TotalRecalls-124_
101,#ffe1b6,TataColadas,t_68.svg (https://v5.airtableusercontent.com/v1/15/15/1680883200000/VgCeoD7NSwm95R7KFK5Vvw/7NFy9B1zJ-MZV7Wg-HmBm7lynZ9wKnHXDRAhFU2WYY8wKqoAISivfdEBheal3t7RSiyHkBxuvKY00YF5XhfHaQ/Kbf9x1NMPMUn_Iik6H6SrLDHZek9VgskHeOQsUkP0c0),#F9C87A,Hoots,8.33,7.64,0.917,0.9258,1.0100,RC-7.64_RS-8.33_RT-0.92,RC-7.64_RS-8.33_RT-0.92,tts_TataColadas-Hoots-101_RC-7.64_RS-8.33_RT-0.92,tts_TataColadas-Hoots-101_
139,#f4d4fc,StarBust,t_14.svg (https://v5.airtableusercontent.com/v1/15/15/1680883200000/yOCNGy3AWe7IP2KXL6oJsA/ybeo_A7A524-Yijy1BWz8tsHA9e2uJz3duLotqAmMdUrlo0jsa16HgrKKDHA7MfWQkzvhXoxl8Bxcu-BwHoMeQ/KXNz4VOLPJyNAhtxsvs3IPytXYQhwc2M24fvO-CQnKY),#F3A4FF,HolyMels,8.33,8.33,1.000,1.3900,1.3900,RC-8.33_RS-8.33_RT-1,RC-8.33_RS-8.33_RT-1,tts_StarBust-HolyMels-139_RC-8.33_RS-8.33_RT-1,tts_StarBust-HolyMels-139_
135,#9bd3f9,BooBerries,t_60.svg (https://v5.airtableusercontent.com/v1/15/15/1680883200000/Vm2c6xJxHGRKu0hkoytvMA/DCD0WhKfwKiJHfAjrW8PvyWKR7EFDTDNl-aUvxEWEu7GSdln2BBvjXqi9sutMW7TCsMD62On7stYhBOqzFCbzA/M8SPReU4NqqCuYeKyFtEJX_pgPkOKD1SdJ8YwWmqZeQ),#30B4E2,Vintties,7.64,7.64,1.000,1.3500,1.3500,RC-7.64_RS-7.64_RT-1,RC-7.64_RS-7.64_RT-1,tts_BooBerries-Vintties-135_RC-7.64_RS-7.64_RT-1,tts_BooBerries-Vintties-135_
130,#f9cdaf,CupCakes,t_127.svg (https://v5.airtableusercontent.com/v1/15/15/1680883200000/eY6F1YocLTOzGf4Ujcb5Uw/5cOAwW88qmrcoK6cWwX2sWjIAfMaA400vBmjXcPa3dR0ShFLDnRWkA0Z8xkJ5RNr6G_EvVmh_ZjQk_1em3K2kXkEuXWOyJzGdw-pM5H7Hog/deYA4iPtwMDgfqgMt6SV2OdlVWkSFrNHnmxtKoz_HB8),#E29764,TotalRecalls,8.33,8.33,1.000,1.3000,1.3000,RC-8.33_RS-8.33_RT-1,RC-8.33_RS-8.33_RT-1,tts_CupCakes-TotalRecalls-130_RC-8.33_RS-8.33_RT-1,tts_CupCakes-TotalRecalls-130_
128,#f4d4fc,StarBust,t_20.svg (https://v5.airtableusercontent.com/v1/15/15/1680883200000/vPyn7VH1vOpdp-ERPKSA1Q/Uc3qKvczLq-Bce8h7z25DgwfVI2SmaiKr34pwgwUxsY-ZE3-PXfbsuzLjWSC1yW25EMQHb9PosOh0w6WNpnQQw/N4Kl66U8RImUzaFOIlMBy0zN-cBcvZL1ibl9EqVw-lQ),#F3A4FF,Spades,8.33,8.33,1.000,1.2800,1.2800,RC-8.33_RS-8.33_RT-1,RC-8.33_RS-8.33_RT-1,tts_StarBust-Spades-128_RC-8.33_RS-8.33_RT-1,tts_StarBust-Spades-128_
77,#ffe1b6,TataColadas,t_69.svg (https://v5.airtableusercontent.com/v1/15/15/1680883200000/v7nRDnQufAZP65i5GkIDEA/4Zj0fZUCC_gwp9ayJGG_TlfPEIHgr5aZWvaJkZvQunKG0Cm8cW1wzby_EU1V2KIPR1vXXns921PMeEJ6lgUOuw/gswThZGFf9NZDghGz2UtZXNAiAkwLs13kqnqdNLh0zw),#F9C87A,Hypnotits,7.64,7.64,1.000,0.7700,0.7700,RC-7.64_RS-7.64_RT-1,RC-7.64_RS-7.64_RT-1,tts_TataColadas-Hypnotits-77_RC-7.64_RS-7.64_RT-1,tts_TataColadas-Hypnotits-77_
73,#FCDACA,ButterUdders,t_42.svg (https://v5.airtableusercontent.com/v1/15/15/1680883200000/wtE4m1iAQXTt1ZFYQtTFQw/JItDJd3dhfeB-b14YRxquNTEfcMR0VRVosj-BZQTCdUxSt1GCE3IqTXoJniOv6vs4yadllBIK6DB86ohJvtr2w/S4ocnj_biDVmPxEiIF8hXzrSlQ2jdb1n9ziA4BbasVY),#F9BE9D,Spades,8.33,8.33,1.000,0.7300,0.7300,RC-8.33_RS-8.33_RT-1,RC-8.33_RS-8.33_RT-1,tts_ButterUdders-Spades-73_RC-8.33_RS-8.33_RT-1,tts_ButterUdders-Spades-73_
60,#e6bbb4,ChocoLattes,t_81.svg (https://v5.airtableusercontent.com/v1/15/15/1680883200000/cOJyvumaAvNPryKOeYNPnA/Edz11CCt0nrQhCxMB4st9IzBHJXjmGH-z2SR1TweMLiSQIlh1TbOcIwq4uo_eiWrFtmbD5rQfoumW2AE3c94aA/yCYrZZcHZ6COFM2XI9BNikL2sMz7BWM10G7y4p9QJQs),#874D3C,Trooper,6.94,6.94,1.000,0.6000,0.6000,RC-6.94_RS-6.94_RT-1,RC-6.94_RS-6.94_RT-1,tts_ChocoLattes-Trooper-60_RC-6.94_RS-6.94_RT-1,tts_ChocoLattes-Trooper-60_
31,#f9cdaf,CupCakes,t_129.svg (https://v5.airtableusercontent.com/v1/15/15/1680883200000/pidbt9EFvjQANphzua62bw/y0azFLaB72a1yKZQ2-bLRkjLJ9WNS7YzmaFs2ULMtP_yUdSvm5ggRrzaThzYh6OxfCfhZEVK2FvBi6dR6qmZQqFDLgd4ZAOYGFWFfKoRvJc/4ROUrn1tW5FFcb99itwhvoTYK7qvSp12Ha4F_nBH-gw),#E29764,Oh Buoys,8.33,8.33,1.000,0.3100,0.3100,RC-8.33_RS-8.33_RT-1,RC-8.33_RS-8.33_RT-1,tts_CupCakes-Oh Buoys-31_RC-8.33_RS-8.33_RT-1,tts_CupCakes-Oh Buoys-31_
67,#f4d4fc,StarBust,t_18.svg (https://v5.airtableusercontent.com/v1/15/15/1680883200000/w2AOX2UMm9ji5exgFSossw/Sh_cQEi_UBOdGK-YKusrMPUuCKzYrBCmnZJ_FvBRVkBd8inUEFalNTcjAEyfHBbTKBs1-0-WIjyGMZVjAjShyQ/mwkfLfm-RVSfceM5Ecu8bvF50ohZXunuKerE6G4kgzs),#F3A4FF,Oh Buoys,8.33,8.33,1.000,0.6700,0.6700,RC-8.33_RS-8.33_RT-1,RC-8.33_RS-8.33_RT-1,tts_StarBust-Oh Buoys-67_RC-8.33_RS-8.33_RT-1,tts_StarBust-Oh Buoys-67_
71,#FCDACA,ButterUdders,t_35.svg (https://v5.airtableusercontent.com/v1/15/15/1680883200000/Wj7s-TahJn44LPg_NACCfA/1PPNO_Al5eQUQaQKMMiz31ItY3L3BDFVh39JFoYN3A-DayeijQ35R1UjFCDgc28Y3V_UFGbC3N9-p8X52AUOeQ/gPlkN1VbM7n1yOelqk0W1EhRmdf63Yo3hjqNA3hFzGw),#F9BE9D,Hoots,8.33,8.33,1.000,0.7100,0.7100,RC-8.33_RS-8.33_RT-1,RC-8.33_RS-8.33_RT-1,tts_ButterUdders-Hoots-71_RC-8.33_RS-8.33_RT-1,tts_ButterUdders-Hoots-71_
113,#cdbef7,PurpleHush,t_52.svg (https://v5.airtableusercontent.com/v1/15/15/1680883200000/DheNeqjXlxohp0nXRdHy9g/soEtoY6gTR1XafQ5zQZJ2gOA29y1-iJn_S1uAAFpWB8erlVz36zeN_-bDIdz2QwHnu0shkYv4_DMU97P0s1s9g/Q8qLJyHuxkPZ2vj_UW8mDe9W0pFWXRcfS36BPZ9lxxY),#5F4B8B,Shaggies,6.94,6.94,1.000,1.1300,1.1300,RC-6.94_RS-6.94_RT-1,RC-6.94_RS-6.94_RT-1,tts_PurpleHush-Shaggies-113_RC-6.94_RS-6.94_RT-1,tts_PurpleHush-Shaggies-113_
44,#f9b4e4,WaterMelons,t_113.svg (https://v5.airtableusercontent.com/v1/15/15/1680883200000/MyFVr4bzLWlGRKUNjb5r0Q/o7mHfrEr95BzjkxMjUkBt70TTu7NUa5rh0xoifM7YJ0lCW6SE2XLClOm1Lm0GdZDfOm9852ePwUb7VwWz8UCm_Eh6wAq53DTFNDTccPDKUg/aKwUhgnPQbCU1Z0daiwtefjl06lDhM6UeqivkwrOh04),#EF6EAA,Hypnotits,7.64,7.64,1.000,0.4400,0.4400,RC-7.64_RS-7.64_RT-1,RC-7.64_RS-7.64_RT-1,tts_WaterMelons-Hypnotits-44_RC-7.64_RS-7.64_RT-1,tts_WaterMelons-Hypnotits-44_
4,#eacece,CocoNaugthy,t_31.svg (https://v5.airtableusercontent.com/v1/15/15/1680883200000/d8wzaUzSkobH9Nn5V35yIg/5LQR3wN2Gg8lcPeQp_UlQWzS5LZPnUYqSGLN1DNjRSE_hGcZ6zlOmqv_1xwJ36n2ZOPkd8d63H9WZrgx8V2KBQ/qWyjwWnT6WkbNESlGcTt6IU35jUSpS_Qb4pgvOaELbg),#D6AAAA,TotalRecalls,8.33,8.33,1.000,0.0400,0.0400,RC-8.33_RS-8.33_RT-1,RC-8.33_RS-8.33_RT-1,tts_CocoNaugthy-TotalRecalls-4_RC-8.33_RS-8.33_RT-1,tts_CocoNaugthy-TotalRecalls-4_
9,#FCDACA,ButterUdders,t_40.svg (https://v5.airtableusercontent.com/v1/15/15/1680883200000/jVGmRYd-5LrKptYbxIsefw/kfS_tVLf-mlqNHs5AHmSke77_v0Z2dfRbpuJ4u8bsxQNZ30gFp7N6PrYawbMMIrj3A3SS_uTF3Uh-5uFm-aaVA/Qq_lG4tb7yoP_msGe4nuE3jKshIGGOqhkalfyJiF21I),#F9BE9D,Oh Buoys,8.33,8.33,1.000,0.0900,0.0900,RC-8.33_RS-8.33_RT-1,RC-8.33_RS-8.33_RT-1,tts_ButterUdders-Oh Buoys-9_RC-8.33_RS-8.33_RT-1,tts_ButterUdders-Oh Buoys-9_
92,#f9cdaf,CupCakes,t_125.svg (https://v5.airtableusercontent.com/v1/15/15/1680883200000/W7lddKTWxVmGbQaSXb4W1A/wSPPyCQtvK1_uK3ZKQEYiMzZwAIgRMkFJaRXKAbMCnVrWnQZ3dnq4v-BJNk5us0wQZILWin1EBD3adKXqrdPvQRQTS7l7mCknt1JH4mjccQ/z2u2XVM12RGFWs2b_J2jo_-s6JiEh3hKh7uOYn_jFPU),#E29764,HolyMels,8.33,8.33,1.000,0.9200,0.9200,RC-8.33_RS-8.33_RT-1,RC-8.33_RS-8.33_RT-1,tts_CupCakes-HolyMels-92_RC-8.33_RS-8.33_RT-1,tts_CupCakes-HolyMels-92_
23,#ffd8bd,PeCans,t_98.svg (https://v5.airtableusercontent.com/v1/15/15/1680883200000/ZvAkKMcs7vki1gjiZsxwEw/Qaoz7ff3L9cAOmsH7qXKJxdL6wL5J0s1G3tv4rGiJjdrC2DPQWPTg9ilVBgbCyVC_t6z1yMwoY3911ScATJIsA/XFxdvtmKQmCjo5kH0AYf6CYD3q74uoB5kU4FtmXTr5s),#b7896a,Trooper,6.94,6.94,1.000,0.2300,0.2300,RC-6.94_RS-6.94_RT-1,RC-6.94_RS-6.94_RT-1,tts_PeCans-Trooper-23_RC-6.94_RS-6.94_RT-1,tts_PeCans-Trooper-23_
18,#FCDACA,ButterUdders,t_38.svg (https://v5.airtableusercontent.com/v1/15/15/1680883200000/1fNg8NiYh_CKtYQon5Wyqw/2tbkjh1cEwCecb1V5c-pgybQ8pG6osiQ45fRJrjku-fbmvUXQtfPHNcR8ychE6PXF7BJrigDS1YPYryOnFRdkg/eN0IeZRPUmUJI57xyyU_bCU7vTZXm8hftK8TLQnmZRw),#F9BE9D,TotalRecalls,8.33,8.33,1.000,0.1800,0.1800,RC-8.33_RS-8.33_RT-1,RC-8.33_RS-8.33_RT-1,tts_ButterUdders-TotalRecalls-18_RC-8.33_RS-8.33_RT-1,tts_ButterUdders-TotalRecalls-18_
13,#eacece,CocoNaugthy,t_27.svg (https://v5.airtableusercontent.com/v1/15/15/1680883200000/EWZdYbzaQvJ_YwLQ3coaQg/FJ2AeYjZilA24N-Id-rnxjyah__DLw5RKH_44aXUGlmTk9BlbH0-CCzZkBLow-ogSonnbrRd1PN27HpreXVJvA/bCp4ecX44qzs8zdNzFjHMiW5FC8LjdFLINXa1aXyR5E),#D6AAAA,Spades,8.33,8.33,1.000,0.1300,0.1300,RC-8.33_RS-8.33_RT-1,RC-8.33_RS-8.33_RT-1,tts_CocoNaugthy-Spades-13_RC-8.33_RS-8.33_RT-1,tts_CocoNaugthy-Spades-13_
111,#FCDACA,ButterUdders,t_3.svg (https://v5.airtableusercontent.com/v1/15/15/1680883200000/9bJxTXMDytaDpN1ADXUvyw/m3anfm1HzEHp01MCRXF7DqiDaSaICkMSbGVD1v_heANZHaALfiDIZE3toBik8x0UHwp7439wuGY1KtVn9jeoUg/gKucyUeI0KR-8SQ_Y19F0vR7gfvTLsBL5mJGf5wGKds),#F9BE9D,HolyMels,8.33,8.33,1.000,1.1100,1.1100,RC-8.33_RS-8.33_RT-1,RC-8.33_RS-8.33_RT-1,tts_ButterUdders-HolyMels-111_RC-8.33_RS-8.33_RT-1,tts_ButterUdders-HolyMels-111_
36,#eacece,CocoNaugthy,t_33.svg (https://v5.airtableusercontent.com/v1/15/15/1680883200000/Vyf0E-ZxQrrSso5S60XZtw/rULaDdnYZK9Yoj5_bmbQaTVCjOGpd_tjFwsiCUstjkBbiIeaWFCiBBf0_iBfWBG8qVOnGuxTP4i8uamK1SP02w/zOiEvYYTlbRSpw9B_6fA5dM5u6FpADpMQq0In70641o),#D6AAAA,HolyMels,8.33,8.33,1.000,0.3600,0.3600,RC-8.33_RS-8.33_RT-1,RC-8.33_RS-8.33_RT-1,tts_CocoNaugthy-HolyMels-36_RC-8.33_RS-8.33_RT-1,tts_CocoNaugthy-HolyMels-36_
5,#eacece,CocoNaugthy,t_29.svg (https://v5.airtableusercontent.com/v1/15/15/1680883200000/dFD5Z5IXBxnvDSwCkaHEhg/d746dPD9Vh6y54BNuUFWAa2Tzu7gBiAUJez-QiFmy9jXSm30kAzxgE1Wo9PmC1x1MDqt17Z9qHWekDlUOTwfKQ/LDhi0n1LLAsNgq3VUlJBQzTh2HknLNGyrvzEU6Aa4KU),#D6AAAA,Oh Buoys,8.33,8.33,1.000,0.0500,0.0500,RC-8.33_RS-8.33_RT-1,RC-8.33_RS-8.33_RT-1,tts_CocoNaugthy-Oh Buoys-5_RC-8.33_RS-8.33_RT-1,tts_CocoNaugthy-Oh Buoys-5_
91,#eacece,CocoNaugthy,t_34.svg (https://v5.airtableusercontent.com/v1/15/15/1680883200000/0YP9LMDHb6F9KBHxuiUIWQ/LcLqFJicG2YauT0qiKC925WtamI6p5HcAamjgy6Z7EmpaNjbTZ24qYzXwZr0_l3DOCnEYyenWTqrAYZ6ue420g/4Wv06KnzhkqCTgSuJ2mqttkOWPKs8rUPH7-8FVNzqoY),#D6AAAA,Hoots,8.33,8.33,1.000,0.9100,0.9100,RC-8.33_RS-8.33_RT-1,RC-8.33_RS-8.33_RT-1,tts_CocoNaugthy-Hoots-91_RC-8.33_RS-8.33_RT-1,tts_CocoNaugthy-Hoots-91_
69,#ffe1b6,TataColadas,t_71.svg (https://v5.airtableusercontent.com/v1/15/15/1680883200000/E7UMPqcMjh3UIz1NNB47ug/g-Odr9MRFfnHFXoUFvYqPPvXwS9kFYfTUYhlq_4hNuI0s3f9_pkafBoTVmzjMaABnzkiEBnviNyFVT7yOM05GQ/qKLnzVAr8JyRLP214G8ButhIhh11CZTLtlXGXYJ7_yk),#F9C87A,Vintties,7.64,7.64,1.000,0.6900,0.6900,RC-7.64_RS-7.64_RT-1,RC-7.64_RS-7.64_RT-1,tts_TataColadas-Vintties-69_RC-7.64_RS-7.64_RT-1,tts_TataColadas-Vintties-69_
70,#f9b4e4,WaterMelons,t_115.svg (https://v5.airtableusercontent.com/v1/15/15/1680883200000/ixqYI9VntUsLMX7a_ueymw/tdm8gzioNgP3Af8bv88K4Y1TTZM_yO5PMT0mhjQZxlu7mZ4DpoIo_4dGXnKtOVGbzndsvNEZfsWYhasNz2VHGOJIUji3HIbgobBis5Gmx8A/7Cfm7a_eIDAMUFtuYsUxb68V77OTkOqut2reOTnSzmo),#EF6EAA,Vintties,7.64,7.64,1.000,0.7000,0.7000,RC-7.64_RS-7.64_RT-1,RC-7.64_RS-7.64_RT-1,tts_WaterMelons-Vintties-70_RC-7.64_RS-7.64_RT-1,tts_WaterMelons-Vintties-70_
100,#f9cdaf,CupCakes,t_123.svg (https://v5.airtableusercontent.com/v1/15/15/1680883200000/q3QihQHo8FN_286L65qWDA/u7TD9HKd3wyHBWA6ZS522AqBKfbIszFZAgr_XYhpbmErFBrNsO9lp2HaNEONpILfWViDjo5RxLRaxagfPv4O2Lgkt8aUUMHeLG4tTEVw7uY/D89tBN5sJi4Rt7f7WB0criBTZklRQjnhPSqYHixf3qQ),#E29764,Hoots,8.33,8.33,1.000,1.0000,1.0000,RC-8.33_RS-8.33_RT-1,RC-8.33_RS-8.33_RT-1,tts_CupCakes-Hoots-100_RC-8.33_RS-8.33_RT-1,tts_CupCakes-Hoots-100_
107,#f4d4fc,StarBust,t_16.svg (https://v5.airtableusercontent.com/v1/15/15/1680883200000/hzMwLrFqAsZyFFmjRWMZ3A/hLMGWHUm4D6yq7JcbSiu8YKcDWpXYzpsVVMOLbFVnRn4E2VO-VVa82TejvNGOINdmjNrt_gd-LMY5wLbjW1itQ/kaXErED0HFX1MVUl722F_RjR2FecEb4tTrZaMB3VusI),#F3A4FF,TotalRecalls,8.33,8.33,1.000,1.0700,1.0700,RC-8.33_RS-8.33_RT-1,RC-8.33_RS-8.33_RT-1,tts_StarBust-TotalRecalls-107_RC-8.33_RS-8.33_RT-1,tts_StarBust-TotalRecalls-107_
29,#ff9a9f,CherryBosoms,t_134.svg (https://v5.airtableusercontent.com/v1/15/15/1680883200000/Nj2M6u_j07sy6Zg6rel8xg/e6nAb0kvEa5Sk7Qjn-e1_9BLYtHFx3Q-Q9jgP18spEW5pdT8KzwXFnIMGLXXAazQQABqFP1fgN_5bnYGM1moKXfFJoEX5w4uM-DHV1QOp6s/eOz-WSQ0GNoMIuto1FkUhyctqLO-nBtjJ9Kb_6UzDAA),#891946,Buffies,6.25,6.25,1.000,0.2900,0.2900,RC-6.25_RS-6.25_RT-1,RC-6.25_RS-6.25_RT-1,tts_CherryBosoms-Buffies-29_RC-6.25_RS-6.25_RT-1,tts_CherryBosoms-Buffies-29_
85,#9bd3f9,BooBerries,t_58.svg (https://v5.airtableusercontent.com/v1/15/15/1680883200000/v0u8_ctFtv_VELCppxEZtQ/pPKvhNJ55vlPhz0rsvFs7yFDSI0ogp5boUOMwWfCrjvmqJLh-iwhaOc--ywsF0_1wDtAkDbtotGOGhdfx_uqKQ/mBfdYN5eW2yiFQzDbJod0-l2gJfRQi3E3TzoCwr02kY),#30B4E2,Hypnotits,7.64,7.64,1.000,0.8500,0.8500,RC-7.64_RS-7.64_RT-1,RC-7.64_RS-7.64_RT-1,tts_BooBerries-Hypnotits-85_RC-7.64_RS-7.64_RT-1,tts_BooBerries-Hypnotits-85_
7,#f4d4fc,StarBust,t_1.svg (https://v5.airtableusercontent.com/v1/15/15/1680883200000/anBh2aARvwcp-coAtCAuAQ/APbiqoB_uruXjYYEKR8irOfDvGyJveyaKn-c4W4k-VekEnwq2QYwgLK48BQc40ADT885_U5FIHGu0MzuTYjMmg/RraDLUcSg0zwosjtZ5HklBHFCTKawkJkH8hcicMS7eo),#F3A4FF,Hoots,8.33,8.33,1.000,0.0700,0.0700,RC-8.33_RS-8.33_RT-1,RC-8.33_RS-8.33_RT-1,tts_StarBust-Hoots-7_RC-8.33_RS-8.33_RT-1,tts_StarBust-Hoots-7_
35,#f9cdaf,CupCakes,t_131.svg (https://v5.airtableusercontent.com/v1/15/15/1680883200000/mG3mOervD531nnoIL5ePLg/OZxMIOEO8xLToqOelGnWyCwGCkF6W0w4xQy8-XiU4O6EN_XNODvGDoVV1gdxFOUlRb8lUG8asfXsaqe9zyam9agZVMaCNosyqvWhv76UGaA/QiWkcopJJXf1s2Q_ebkOZQ8-tmA1CQWOHjOIrB7VrpM),#E29764,Spades,8.33,8.33,1.000,0.3500,0.3500,RC-8.33_RS-8.33_RT-1,RC-8.33_RS-8.33_RT-1,tts_CupCakes-Spades-35_RC-8.33_RS-8.33_RT-1,tts_CupCakes-Spades-35_
132,#f4d4fc,StarBust,t_13.svg (https://v5.airtableusercontent.com/v1/15/15/1680883200000/kPmux6EMhlWkH2wQogDFuw/GjQ7nthoftPe02nyMoAg9VKJRBKE41GG5vpNK5n9Q1C5m6eSuAoVa8wbCwZZq1MKxSNrqDTJAPz7y42kZdWJrw/MxktrKBdn0eRQeE_Qaq-GYTvMK7eWlMdiUO7lCfSHe0),#F3A4FF,Hypnotits,7.64,8.33,1.091,1.4400,1.3200,RC-8.33_RS-7.64_RT-1.09,RC-8.33_RS-7.64_RT-1.09,tts_StarBust-Hypnotits-132_RC-8.33_RS-7.64_RT-1.09,tts_StarBust-Hypnotits-132_
42,#eacece,CocoNaugthy,t_32.svg (https://v5.airtableusercontent.com/v1/15/15/1680883200000/CvAFZ01R8PILvq6CAp5q6g/UBZ_Dd0O8OXxANDWt9zDhxRczykMNPNvyVH9h9QLZmRjMgfZovqPATdtvPyDhEuKmL1ioMejaj24hWBIfj6Q4g/NlPZoRNqq1QmhNBqAMJwyJUU5qHvGNsQR7bYv4vJ3p8),#D6AAAA,Vintties,7.64,8.33,1.091,0.4582,0.4200,RC-8.33_RS-7.64_RT-1.09,RC-8.33_RS-7.64_RT-1.09,tts_CocoNaugthy-Vintties-42_RC-8.33_RS-7.64_RT-1.09,tts_CocoNaugthy-Vintties-42_
126,#eacece,CocoNaugthy,t_2.svg (https://v5.airtableusercontent.com/v1/15/15/1680883200000/Q8FX6Mc6RsCmGc5mk8UT8g/06Wdn6t9Zf7g1Y8RZy6u7f66oXvoTMDctoq1SmHbWJ-HvIv-e8QxDkQvf5TW-3w6chlPcNgt6ObuR1bGV3JUsQ/sryw8Ren899L5PT5O9IJ81dEnIpm9Bx7xZS-XbLgLII),#D6AAAA,Hypnotits,7.64,8.33,1.091,1.3745,1.2600,RC-8.33_RS-7.64_RT-1.09,RC-8.33_RS-7.64_RT-1.09,tts_CocoNaugthy-Hypnotits-126_RC-8.33_RS-7.64_RT-1.09,tts_CocoNaugthy-Hypnotits-126_
14,#FCDACA,ButterUdders,t_36.svg (https://v5.airtableusercontent.com/v1/15/15/1680883200000/yFH6_SuR0BTa1OWJ6HU_lA/uIvG0Ksa31xwMkJchChRBiIiYXobZkm4pJVxiDmdgArDVZSSW07HV22jwv_yUD3M39cEITSYTGE40YhdEMoCzw/OdldDVJBXqI1mrMw-brEohC_tjZnc-43HRKaz3C8eMI),#F9BE9D,Hypnotits,7.64,8.33,1.091,0.1527,0.1400,RC-8.33_RS-7.64_RT-1.09,RC-8.33_RS-7.64_RT-1.09,tts_ButterUdders-Hypnotits-14_RC-8.33_RS-7.64_RT-1.09,tts_ButterUdders-Hypnotits-14_
116,#f4d4fc,StarBust,t_15.svg (https://v5.airtableusercontent.com/v1/15/15/1680883200000/PrOlXKEhUx1hNdX7etOv2g/XCnv63fVoQYYw0aD0XWRW1LGo3RYwe7jMK9xYf7tEsj1A51HwhBplS6-OyYtUru-90d9ysZsWMpZqFvcJC2gYw/pKRQsLjPXYMCKZ8YmDG_TltVwVB3beJo8noK7Ouq1Ho),#F3A4FF,Vintties,7.64,8.33,1.091,1.2655,1.1600,RC-8.33_RS-7.64_RT-1.09,RC-8.33_RS-7.64_RT-1.09,tts_StarBust-Vintties-116_RC-8.33_RS-7.64_RT-1.09,tts_StarBust-Vintties-116_
112,#f9cdaf,CupCakes,t_126.svg (https://v5.airtableusercontent.com/v1/15/15/1680883200000/zcjXfU8Kt49LT6inStYFQg/AVLKThF0e60WSjkThsPFpbJsq7MNiisf-lklnpg5g707zCe8WJxxfnBlRFJ_q-5OPE9gAkyLvR2ku-5yFTK-LBGQNSZZNQCG1nykhsXUNNM/x9zHET8So-AUSeHD2zBhDFnlqoUmXTTpNa1AKulG7kY),#E29764,Vintties,7.64,8.33,1.091,1.2218,1.1200,RC-8.33_RS-7.64_RT-1.09,RC-8.33_RS-7.64_RT-1.09,tts_CupCakes-Vintties-112_RC-8.33_RS-7.64_RT-1.09,tts_CupCakes-Vintties-112_
109,#FCDACA,ButterUdders,t_37.svg (https://v5.airtableusercontent.com/v1/15/15/1680883200000/IGEFYJiZEcnhE8sIiwF5vw/gYIpyVPaY-XHxzTMQlcZ-crvF8Wlx9Ipe9PZVrPYWNCumYejX4qACqjEvYtO53Lq5bJQWuD3Sljx2JKliGyBZA/fymQAtsRnAFlCPXortQVELSg0ZKQdM9_DTxU3HMXYOM),#F9BE9D,Vintties,7.64,8.33,1.091,1.1891,1.0900,RC-8.33_RS-7.64_RT-1.09,RC-8.33_RS-7.64_RT-1.09,tts_ButterUdders-Vintties-109_RC-8.33_RS-7.64_RT-1.09,tts_ButterUdders-Vintties-109_
103,#f9cdaf,CupCakes,t_124.svg (https://v5.airtableusercontent.com/v1/15/15/1680883200000/nknqklvo-J2v3RxXWwp6aA/CUV7Mr1rPE8iWp4BHpBDeQEMA-xO5IfSpWC8pf-w4hj4kMe5RIQKcinEwOQniPK2BPe56UbkiuL-hk9Q9glmAkSFI8YfktT-8JdsfdiFAA8/O6ia9o6c1HWKcLBF7AZIqJupJjyxGFpilXx6UaRDPZc),#E29764,Hypnotits,7.64,8.33,1.091,1.1236,1.0300,RC-8.33_RS-7.64_RT-1.09,RC-8.33_RS-7.64_RT-1.09,tts_CupCakes-Hypnotits-103_RC-8.33_RS-7.64_RT-1.09,tts_CupCakes-Hypnotits-103_
72,#9bd3f9,BooBerries,t_65.svg (https://v5.airtableusercontent.com/v1/15/15/1680883200000/t652tXyK4lLuyoDoyprIow/tb8hJ8ASs3c99Rhnw5hyjkxWm_xm9po2Ph_1a7UOAUt3hktLV3JYAmOSH-aBpHO8KS0-AIGOWfgjN98kCcCBTA/uM4Q76oktMwZFybajwWNcaGiKyd5Eey43W0rnO0Yie0),#30B4E2,Trooper,6.94,7.64,1.100,0.7920,0.7200,RC-7.64_RS-6.94_RT-1.1,RC-7.64_RS-6.94_RT-1.1,tts_BooBerries-Trooper-72_RC-7.64_RS-6.94_RT-1.1,tts_BooBerries-Trooper-72_
82,#ffe1b6,TataColadas,t_74.svg (https://v5.airtableusercontent.com/v1/15/15/1680883200000/pgbeWvrIpHp5I8Du1MFuSg/gJpvnoemCjQs3naEQTUOaoVhRnV6AfapAHpIMG_5GJX4BO97SLhY8SmDuMDKzgjgxqiTFAZ-S353G-kecmdBhQ/CukiNZ--P0FSTTnVZ2Esx9IJylSbqQHTwL-GutbYSZE),#F9C87A,Shaggies,6.94,7.64,1.100,0.9020,0.8200,RC-7.64_RS-6.94_RT-1.1,RC-7.64_RS-6.94_RT-1.1,tts_TataColadas-Shaggies-82_RC-7.64_RS-6.94_RT-1.1,tts_TataColadas-Shaggies-82_
40,#f9b4e4,WaterMelons,t_119.svg (https://v5.airtableusercontent.com/v1/15/15/1680883200000/aibN7-vD6frGJfVfXs0lbg/jU657MmyvpN9DkszOPCFZpOIcjGC0jdXTelONTf7qJd6cZ7PjHaynE4_MrY6Z1Y0v9v-ackfYvXtTVdadlRst3S9DMqqu4lN9ZXO-HxP-68/RN7CHMHyEk1jd8D67PUrdraW3Agizs2FpqaUEtLOKRc),#EF6EAA,Shaggies,6.94,7.64,1.100,0.4400,0.4000,RC-7.64_RS-6.94_RT-1.1,RC-7.64_RS-6.94_RT-1.1,tts_WaterMelons-Shaggies-40_RC-7.64_RS-6.94_RT-1.1,tts_WaterMelons-Shaggies-40_
102,#9bd3f9,BooBerries,t_63.svg (https://v5.airtableusercontent.com/v1/15/15/1680883200000/OD1qM3jZYjmNAU9tK-MRdQ/nPhyQvfyUZqpm-uAjBKqmRwUx5jOAsdw9z0tFkPE7uk0VH2SZURu08Zo_8jyiEBsEZ6BHh7BvImBXwmhL7npfQ/MNRFWKzz5dYpSZZUBuHUDCFblrfgWX4yYuIfQlU4_cg),#30B4E2,Shaggies,6.94,7.64,1.100,1.1220,1.0200,RC-7.64_RS-6.94_RT-1.1,RC-7.64_RS-6.94_RT-1.1,tts_BooBerries-Shaggies-102_RC-7.64_RS-6.94_RT-1.1,tts_BooBerries-Shaggies-102_
79,#f9b4e4,WaterMelons,t_10.svg (https://v5.airtableusercontent.com/v1/15/15/1680883200000/0AZmoewHkSVhd0G3euKO-Q/5q0U5cwV-Q0wrQTkqeF55lBEHFBHhNh6dZR20uqcaFwCNM1KBOLTCQTt5RmzIP4XVIxjfIW_O7RPEY1v80_wZA/pw5iz8W4n44FVvMRjVteVT8eCA3P1Ts5eH7doxZQ5nU),#EF6EAA,Trooper,6.94,7.64,1.100,0.8690,0.7900,RC-7.64_RS-6.94_RT-1.1,RC-7.64_RS-6.94_RT-1.1,tts_WaterMelons-Trooper-79_RC-7.64_RS-6.94_RT-1.1,tts_WaterMelons-Trooper-79_
28,#e6bbb4,ChocoLattes,t_80.svg (https://v5.airtableusercontent.com/v1/15/15/1680883200000/rnB2NqbaythYQYZOXVYFgw/7whA3TwGHQyB7LdY_pJDk5TlWP99rbe1HthdIXcQBrUhBvpyTljwDyiOEIg4h2T7fapBDITvLFy4DVQk4hnLIg/XvScM5Y1a8ADSO09vq7ii0IcnG_J-Mvq1ZoX-jAAq80),#874D3C,Buffies,6.25,6.94,1.111,0.3111,0.2800,RC-6.94_RS-6.25_RT-1.11,RC-6.94_RS-6.25_RT-1.11,tts_ChocoLattes-Buffies-28_RC-6.94_RS-6.25_RT-1.11,tts_ChocoLattes-Buffies-28_
114,#ebf2a7,PaPairmint,t_102.svg (https://v5.airtableusercontent.com/v1/15/15/1680883200000/FoUNbExRBhIYiWcz5fjezA/LwnE_pvbz3dtCnftrewRqU05zo-X9KYTNQoQc1jJW7NZ6am7xwP8mVLqad2tPX018tDLvn8-RONlIIs3lwWkM5mGZRTVbT8cegqAxfmT9Hw/G5NhB3E8q-kgsXrVKyYcW_5d2yXF4Cwk1p_M5RwM6Fs),#BFD65B,Buffies,6.25,6.94,1.111,1.2667,1.1400,RC-6.94_RS-6.25_RT-1.11,RC-6.94_RS-6.25_RT-1.11,tts_PaPairmint-Buffies-114_RC-6.94_RS-6.25_RT-1.11,tts_PaPairmint-Buffies-114_
142,#f4d4fc,StarBust,t_19.svg (https://v5.airtableusercontent.com/v1/15/15/1680883200000/VihtKMJB08w1NN48Dkul5g/nRxB2m8XY4CSmXI4ap-ZGu1r6Y4r1s2XRGgx8jWN1NiVpCY10OY_t8Hl6_ECaRjNeIB5ZrPR43pZTU01HOKTQA/6LEx5oyPKOXJrxUEC8-uAlXvcY-lI9E4xJyWhVG2C5o),#F3A4FF,Shaggies,6.94,8.33,1.200,1.7040,1.4200,RC-8.33_RS-6.94_RT-1.2,RC-8.33_RS-6.94_RT-1.2,tts_StarBust-Shaggies-142_RC-8.33_RS-6.94_RT-1.2,tts_StarBust-Shaggies-142_
127,#f9cdaf,CupCakes,t_132.svg (https://v5.airtableusercontent.com/v1/15/15/1680883200000/5aD10YwWChXUN4Yct7cLig/J3uZgR2DqjNn2XEg2lNc2_LfIBBvGTiM6FRqNvw5egqCsZYN2QCanfliZyBWboy_5VqxgTIwJM-3AF0C4cNx0sz1nqYNxv72Qdcr025Nht0/PzMkBYHXaCf8TCTS5sGsXL6yz2iLy7w3ujX5QQqAq4k),#E29764,Trooper,6.94,8.33,1.200,1.5240,1.2700,RC-8.33_RS-6.94_RT-1.2,RC-8.33_RS-6.94_RT-1.2,tts_CupCakes-Trooper-127_RC-8.33_RS-6.94_RT-1.2,tts_CupCakes-Trooper-127_
1,#eacece,CocoNaugthy,t_26.svg (https://v5.airtableusercontent.com/v1/15/15/1680883200000/uYH_yed1i3l0qdGyUUqcDA/0ls1OrN-CXK4kR-BDtG0bcaWIZPuO2qtLDqbBcapdb7ytzTb2vF_qrqRLZseGFbmNECNmoaJi6cSGufGs_9Baw/17yph3HmMRui0Ukd59zV--sT_ldfjxhUMyuE6psCUOg),#D6AAAA,Trooper,6.94,8.33,1.200,0.0120,0.0100,RC-8.33_RS-6.94_RT-1.2,RC-8.33_RS-6.94_RT-1.2,tts_CocoNaugthy-Trooper-1_RC-8.33_RS-6.94_RT-1.2,tts_CocoNaugthy-Trooper-1_
6,#eacece,CocoNaugthy,t_28.svg (https://v5.airtableusercontent.com/v1/15/15/1680883200000/vj1Yo-JkLIQKI2f4eLzbog/Fqv7GadQ8-fiNJ6p-vET-_vohbvvxy3BqhkJxAd6sRruM7oPRDFCVaSY6CScpSBfXHZznT3lVKd1SYtwb57EMA/sOJUf9HvrosZo8ir4TRx5dYJBckVP3AWDK6YulAlj3Q),#D6AAAA,Shaggies,6.94,8.33,1.200,0.0720,0.0600,RC-8.33_RS-6.94_RT-1.2,RC-8.33_RS-6.94_RT-1.2,tts_CocoNaugthy-Shaggies-6_RC-8.33_RS-6.94_RT-1.2,tts_CocoNaugthy-Shaggies-6_
83,#f4d4fc,StarBust,t_21.svg (https://v5.airtableusercontent.com/v1/15/15/1680883200000/d4QtlS978_Brt8YbQTyIOg/cO5nU2HCorO_3Fgjx_9Gfxcm0P2_RaLPjMQqS41ZcuXiCuULlfuDa1abvZood2ca_woO0hKGEu_66BUQJsgiuA/XIY9tACS2BszP_87ZABOgPRX59niHeeZepEFtX-qOe4),#F3A4FF,Trooper,6.94,8.33,1.200,0.9960,0.8300,RC-8.33_RS-6.94_RT-1.2,RC-8.33_RS-6.94_RT-1.2,tts_StarBust-Trooper-83_RC-8.33_RS-6.94_RT-1.2,tts_StarBust-Trooper-83_
74,#FCDACA,ButterUdders,t_41.svg (https://v5.airtableusercontent.com/v1/15/15/1680883200000/8mna3uyDOg8HRW6-gq5atg/m-5UpvvsfoU1itx19JM0gfgDa6DT2Ej-ZI9V5d1VTgEJTLgB8J2iQWM9dmuPm0tyvRfofSo4tzCc8cM-L5J8Pg/Js1eol_vA7ro3QLrOHkOmWv_h9C5f3H1kkL9ZjBRafc),#F9BE9D,Shaggies,6.94,8.33,1.200,0.8880,0.7400,RC-8.33_RS-6.94_RT-1.2,RC-8.33_RS-6.94_RT-1.2,tts_ButterUdders-Shaggies-74_RC-8.33_RS-6.94_RT-1.2,tts_ButterUdders-Shaggies-74_
121,#f9cdaf,CupCakes,t_130.svg (https://v5.airtableusercontent.com/v1/15/15/1680883200000/fxB_02SVGPzI_Gb4coX2Mw/njeogNOA-WhfLa23W-I8kZ-LS42ErVBJrDIwK-diwIc62D_BB_-RjqQDnNQp-1U5j58DF-m7Wp7xoT3gMpgkXTlbDGA-IcFi7bMfw0x5zPQ/4wCsuzi3qrJuplxD4aACHw2-5a6Bztvtg7bfyxznDro),#E29764,Shaggies,6.94,8.33,1.200,1.4520,1.2100,RC-8.33_RS-6.94_RT-1.2,RC-8.33_RS-6.94_RT-1.2,tts_CupCakes-Shaggies-121_RC-8.33_RS-6.94_RT-1.2,tts_CupCakes-Shaggies-121_
24,#FCDACA,ButterUdders,t_43.svg (https://v5.airtableusercontent.com/v1/15/15/1680883200000/DBCguMj1OlXKIFrG-RsjWQ/KRnf2FXzpKk7E372IRsWo__yGSxPp4Zerov01-KKvimWKTm9q7-DC47PwKWkyIp65wHsuA2tc8Yca8CZ_Qckag/w4P51wwZTOsrlOz0sYlTmxjjxxyeZ-36hpej548BcY0),#F9BE9D,Trooper,6.94,8.33,1.200,0.2880,0.2400,RC-8.33_RS-6.94_RT-1.2,RC-8.33_RS-6.94_RT-1.2,tts_ButterUdders-Trooper-24_RC-8.33_RS-6.94_RT-1.2,tts_ButterUdders-Trooper-24_
34,#ffe1b6,TataColadas,t_77.svg (https://v5.airtableusercontent.com/v1/15/15/1680883200000/SUwk7TwqW00jzY_VslbajQ/uUgbPtYMtRbWzgvXoNwFOZgNcK0Q2r9ooGCsG78Q8s5x8tO1Cld2PQhB78cyVAf8id9k322hZiYg2g3xycQCww/zAsnbq2RM_x1Bbwhzqcv68B4zPDNC0ED8HATQ94YhWQ),#F9C87A,Buffies,6.25,7.64,1.222,0.4156,0.3400,RC-7.64_RS-6.25_RT-1.22,RC-7.64_RS-6.25_RT-1.22,tts_TataColadas-Buffies-34_RC-7.64_RS-6.25_RT-1.22,tts_TataColadas-Buffies-34_
52,#FCDACA,ButterUdders,t_44.svg (https://v5.airtableusercontent.com/v1/15/15/1680883200000/zLJd8SA9Es0obk0Ue2CCig/ZiQE6D5Jxbs4WYqh7O2MxJqguCvo5IOee5bpybTKuHDMy7qdhQRiHuByEOws4kNzHwCMrnREYNrTdYjit4-nRg/f11frKCiiODplBOyteVz2doFzeIrNwtS7T4PNqdq_dI),#F9BE9D,Buffies,6.25,8.33,1.333,0.6933,0.5200,RC-8.33_RS-6.25_RT-1.33,RC-8.33_RS-6.25_RT-1.33,tts_ButterUdders-Buffies-52_RC-8.33_RS-6.25_RT-1.33,tts_ButterUdders-Buffies-52_
12,#eacece,CocoNaugthy,t_25.svg (https://v5.airtableusercontent.com/v1/15/15/1680883200000/kpLzDQ0RfzLEyREs89jtvw/OiDw5zkI5bgUvz-E72AENWwNbAU8EIT1704pB7RTJQN1jG1sSrQYx9C2ac-pbbA23Lue9iG_C1gDiBjyMk3iYg/1iIYLY_oauIqZMir-pJtiL2VCE99Gd1j1ZQdedDdFlU),#D6AAAA,Buffies,6.25,8.33,1.333,0.1600,0.1200,RC-8.33_RS-6.25_RT-1.33,RC-8.33_RS-6.25_RT-1.33,tts_CocoNaugthy-Buffies-12_RC-8.33_RS-6.25_RT-1.33,tts_CocoNaugthy-Buffies-12_
98,#f9cdaf,CupCakes,t_11.svg (https://v5.airtableusercontent.com/v1/15/15/1680883200000/YCuyDcSv0dTqTz83d8F1xg/Ls9AGAF5Tq4NaoisxnOjYu6y17jj3SKB4dcpORrMdh19J0iSoor4Opz3YT3-59ZN3lEPJhHotIqC_eMXiNRlVw/iEYm4IiNAIKNkx6DTCQrDagoZyCswak5oC66Q5GEp7Y),#E29764,Buffies,6.25,8.33,1.333,1.3067,0.9800,RC-8.33_RS-6.25_RT-1.33,RC-8.33_RS-6.25_RT-1.33,tts_CupCakes-Buffies-98_RC-8.33_RS-6.25_RT-1.33,tts_CupCakes-Buffies-98_
87,#f4d4fc,StarBust,t_22.svg (https://v5.airtableusercontent.com/v1/15/15/1680883200000/J2bdsiaUYXYhUn3Hezp5OA/hmgdkrG9wWjEaveIfVaDmJqrYYtqUmJIpsyopVfsX0pwhUvpLTnr6YPrFRunHKubqQvZRAobU0fX9K_O-fJiaw/FHhJ5m9H_EeAr4O_ioOAx76ROYF9WG9hMyLoy0q9H0k),#F3A4FF,Buffies,6.25,8.33,1.333,1.1600,0.8700,RC-8.33_RS-6.25_RT-1.33,RC-8.33_RS-6.25_RT-1.33,tts_StarBust-Buffies-87_RC-8.33_RS-6.25_RT-1.33,tts_StarBust-Buffies-87_