TT id,LinkColorHex,ColorTeam (from LinkColorHex),IMG WP,IMG IPFS (from LinkColorHex),ColorSkin (from LinkColorHex),ShapesLink,ShapeRarity,ColorRarity,RarityTotal,RaritiesConcatenated,RaritiesArray,Concatenate Attibutes,Concatenate Attributes and Array
144,#ff9a9f,CherryBosoms,t_140.svg (https://v5.airtableusercontent.com/v1/15/15/1680681600000/J06fbWPdTGfGbsa1X665eA/xwFEvStu06OWoNa_1Cqj-a_L5Cf4i3v-GU39rJCa3_LMr5qH22tDI0-brMNRphOnKtW0pS8ZHhHEGzBlg5uoFFYq4kaKdQo17w1jbI_rdjw/iDHl16hvBTbmkuJI3mcznDp0FEAjg2mjq7CKcaUIggA),Qmb39mH5yMiQ7FzjYsLroiTpzNybhqERSUXk9kCwDsi63c (https://dl.airtable.com/.attachments/2778796d9f23ca2d6b20c2563674842b/acbdfb0b/Qmb39mH5yMiQ7FzjYsLroiTpzNybhqERSUXk9kCwDsi63c),#891946,TotalRecalls,8.33,6.25,0.75,RC-6.25_RS-8.33_RT-0.75,"RC:6.25,RS:8.33,RT:0.75","tts_CherryBosoms-TotalRecalls-144_{RC:6.25,RS:8.33,RT:0.75}",tts_CherryBosoms-TotalRecalls-144_
143,#f9b4e4,WaterMelons,t_118.svg (https://v5.airtableusercontent.com/v1/15/15/1680681600000/Wfxv8MOuJGGGvNN_dKHmaA/xyPUj5QoDhFskMzthvL-rwDruJrQKs0IYMmx_8oL1bo_6-JiQwKG14TXP2wbGjVvupA39P-_qhSKEzzi8m1jkcayCc03ShyzcrUqRNfVhOI/sYVMhh2YPpH-TWYZay4siAQscSu5DTAKsQXCOFPiCTI),QmS3rDGmq2oqNpLqP9jgNX1kknK9Ao38X3FL7mpzjRnQsQ (https://dl.airtable.com/.attachments/89beccaec9c3a9150c7f1a01f8e45806/1e3015ec/QmS3rDGmq2oqNpLqP9jgNX1kknK9Ao38X3FL7mpzjRnQsQ),#EF6EAA,Oh Buoys,8.33,7.64,0.92,RC-7.64_RS-8.33_RT-0.92,"RC:7.64,RS:8.33,RT:0.92","tts_WaterMelons-Oh Buoys-143_{RC:7.64,RS:8.33,RT:0.92}",tts_WaterMelons-Oh Buoys-143_
142,#f4d4fc,StarBust,t_19.svg (https://v5.airtableusercontent.com/v1/15/15/1680681600000/rrOcDHS6jAhIcjxeLf2lgw/ErAW2ETd-kgdXF7Cpk96fUICLEMrDlLVY-l0dDZBcxBO7cAVRPnFAHe_40YrRaIwLYdXgQL1YsdpDICrJ5JMHQ/iRZFpAjirNnpt8M3PwaiBrf6s9oXjkkh-nTHqkCXP0w),QmTPdpM75RhKchiBFacMyS2KdgAHQKzdvFCmZuXzax2qp7 (https://dl.airtable.com/.attachments/e76e553cca6e27005ffee1798ce70051/62e13224/QmTPdpM75RhKchiBFacMyS2KdgAHQKzdvFCmZuXzax2qp7),#F3A4FF,Shaggies,6.94,8.33,1.20,RC-8.33_RS-6.94_RT-1.2,"RC:8.33,RS:6.94,RT:1.2","tts_StarBust-Shaggies-142_{RC:8.33,RS:6.94,RT:1.2}",tts_StarBust-Shaggies-142_
141,#cdbef7,PurpleHush,t_46.svg (https://v5.airtableusercontent.com/v1/15/15/1680681600000/TzNbblHdC_wKkMaNIt4wjw/HP70DwEeEpmAYcXbZnI4uym0xKAmSsufCdRXIm5oyyxkkGYHfXlvuIMogbM_Q7q2v_2qZ4j8NgBxSvwCXbRbsA/ax43p2hmsmBmLc9JslJGmuXD1v9aig4nr1T7Fi2PVMs),Qmf4kCwPg6St6mzsjPtfZmvAgfz4EdeBDwR85Gsb2zqhHL (https://dl.airtable.com/.attachments/9460015687eea7fe5fcbeb2596be435a/74d64864/Qmf4kCwPg6St6mzsjPtfZmvAgfz4EdeBDwR85Gsb2zqhHL),#5F4B8B,Hoots,8.33,6.94,0.83,RC-6.94_RS-8.33_RT-0.83,"RC:6.94,RS:8.33,RT:0.83","tts_PurpleHush-Hoots-141_{RC:6.94,RS:8.33,RT:0.83}",tts_PurpleHush-Hoots-141_
140,#f4d4fc,StarBust,t_23.svg (https://v5.airtableusercontent.com/v1/15/15/1680681600000/3U0-ZygNsACg_hA2Y4GROw/B1POOV9oYuEbUzDaFldS3TUMpz25Nb_jmQ4kTzqkRfh8N1yI6YxzxWMlaPAzk987k08v4X4LBbkJ6oDXE2pZew/2JLLOMD3LZr288vEOy9f_Hqo3wLiv3oBMyk8E7ceB-o),QmTPdpM75RhKchiBFacMyS2KdgAHQKzdvFCmZuXzax2qp7 (https://dl.airtable.com/.attachments/e76e553cca6e27005ffee1798ce70051/62e13224/QmTPdpM75RhKchiBFacMyS2KdgAHQKzdvFCmZuXzax2qp7),#F3A4FF,Artemis,12.50,8.33,0.67,RC-8.33_RS-12.5_RT-0.67,"RC:8.33,RS:12.5,RT:0.67","tts_StarBust-Artemis-140_{RC:8.33,RS:12.5,RT:0.67}",tts_StarBust-Artemis-140_
139,#f4d4fc,StarBust,t_14.svg (https://v5.airtableusercontent.com/v1/15/15/1680681600000/64Mr80nRh51mbwQ0RSxxIA/RYWi5okDxjRlUagmTuXDfByoWCtj1h3GQ0kfboYab0-Wzo3hNuurn5iykkINbxjKhSIi2oSk8o_P7HRGPIbOoA/feM7ncfZXMDrAYpCq98MfS1tADn2lVQXRwGvXlFtNH8),QmTPdpM75RhKchiBFacMyS2KdgAHQKzdvFCmZuXzax2qp7 (https://dl.airtable.com/.attachments/e76e553cca6e27005ffee1798ce70051/62e13224/QmTPdpM75RhKchiBFacMyS2KdgAHQKzdvFCmZuXzax2qp7),#F3A4FF,HolyMels,8.33,8.33,1.00,RC-8.33_RS-8.33_RT-1,"RC:8.33,RS:8.33,RT:1","tts_StarBust-HolyMels-139_{RC:8.33,RS:8.33,RT:1}",tts_StarBust-HolyMels-139_
138,#e6bbb4,ChocoLattes,t_86.svg (https://v5.airtableusercontent.com/v1/15/15/1680681600000/xiPEgW9TG-Iy4AHpbu5CKQ/xLeQEdZxz8QvL-M_rj1PpABNLFSKDfZLD2NrV9RckhafyZDhhQA6_V53FikTGD2f2p5HGbxowanipQjqFDGJBw/sNpusfbn92iajq-2CAhuLpTiDCeR-2keDZHXnqMiUXI),QmVkHK9tHG8u3TYH5u163jVmA7WEbp11cLmkKTzpujzwTR (https://dl.airtable.com/.attachments/dfa4793867cb4ea644ca76eb9165d9d1/c01cb0c8/QmVkHK9tHG8u3TYH5u163jVmA7WEbp11cLmkKTzpujzwTR),#874D3C,Vintties,7.64,6.94,0.91,RC-6.94_RS-7.64_RT-0.91,"RC:6.94,RS:7.64,RT:0.91","tts_ChocoLattes-Vintties-138_{RC:6.94,RS:7.64,RT:0.91}",tts_ChocoLattes-Vintties-138_
137,#eacece,CocoNaugthy,t_30.svg (https://v5.airtableusercontent.com/v1/15/15/1680681600000/n2Ydefkt-O22DP0MskiOxA/SW6Z11vjI7nvNF3v8-YT657NCJpkwUiQJfMZMazd41e36JjLoEZuosrHASU2RntHINb3QcnPWBSscd7-Rir80w/dAa1g3ZuOxjJWgahfX7JrhyO249XwwfvFAre4YfAnEc),QmSfZtwMCQ1nF2xt8vM3FDJudgw6uNwR6fdkuAn6hQ5cKS (https://dl.airtable.com/.attachments/ba3095af1bb3382da6d8d18c31c7483a/a51854b3/QmSfZtwMCQ1nF2xt8vM3FDJudgw6uNwR6fdkuAn6hQ5cKS),#D6AAAA,Perkies,10.42,8.33,0.80,RC-8.33_RS-10.42_RT-0.8,"RC:8.33,RS:10.42,RT:0.8","tts_CocoNaugthy-Perkies-137_{RC:8.33,RS:10.42,RT:0.8}",tts_CocoNaugthy-Perkies-137_
136,#cdbef7,PurpleHush,t_53.svg (https://v5.airtableusercontent.com/v1/15/15/1680681600000/-2NpUWPbRUepbj4b1D75Lw/v1jdhNfK2UHHabnxoj4VIofIaKUXBzvMvKarnKBt_WDdugrdCegWzbWiOWBxsLEMVt4PKv6F-5Vvf3iMU7Z8nQ/BWJxhg3-IX4fmhPv-0dWTK-xr2bYEECxWC1Iv4035QA),Qmf4kCwPg6St6mzsjPtfZmvAgfz4EdeBDwR85Gsb2zqhHL (https://dl.airtable.com/.attachments/9460015687eea7fe5fcbeb2596be435a/74d64864/Qmf4kCwPg6St6mzsjPtfZmvAgfz4EdeBDwR85Gsb2zqhHL),#5F4B8B,Spades,8.33,6.94,0.83,RC-6.94_RS-8.33_RT-0.83,"RC:6.94,RS:8.33,RT:0.83","tts_PurpleHush-Spades-136_{RC:6.94,RS:8.33,RT:0.83}",tts_PurpleHush-Spades-136_
135,#9bd3f9,BooBerries,t_60.svg (https://v5.airtableusercontent.com/v1/15/15/1680681600000/NZEPesbMtoExZLXKFxuC2g/2IrmV_AKJQMh7RUpahHQdy66DNg4kRVgXTOFaKeS9dgPVkQECP83S0GFF3xwIMuMAGcjKwxCEGf5R8MtDw62oA/ovQPzgliYbi6afOdCWHHRM2EWu6CiAFOFh2GuBvAOUQ),QmXRtjtcHHedBCutzLYcf8fU6LmSByTmUDEZf1buqKtpeN (https://dl.airtable.com/.attachments/a3ddc3d4f4bb4608b31720ddcb5277a6/8d073130/QmXRtjtcHHedBCutzLYcf8fU6LmSByTmUDEZf1buqKtpeN),#30B4E2,Vintties,7.64,7.64,1.00,RC-7.64_RS-7.64_RT-1,"RC:7.64,RS:7.64,RT:1","tts_BooBerries-Vintties-135_{RC:7.64,RS:7.64,RT:1}",tts_BooBerries-Vintties-135_
134,#ffd8bd,PeCans,t_95.svg (https://v5.airtableusercontent.com/v1/15/15/1680681600000/RBj91ZM9I4B63eKduYq2bg/Rgmoa_mFXoGl6kL4mroC5jiJU2BjFsFM1GhX_bG8wkM4VHM8OFqOZifgCm5voke0_123IJujJ6yh2q4I4YR4EQ/nL01e-qmKwBKKe7R4WV6NHag_D9O-UGh_nnZF4Q61M8),QmQ8LZK6kYaw3dSdn8HUBBWieYwgKax1j1PAjcW72J8Z9B (https://dl.airtable.com/.attachments/648e65cf5b832a946ef16fb62b1ceecd/8f81d9c0/QmQ8LZK6kYaw3dSdn8HUBBWieYwgKax1j1PAjcW72J8Z9B),#b7896a,Perkies,10.42,6.94,0.67,RC-6.94_RS-10.42_RT-0.67,"RC:6.94,RS:10.42,RT:0.67","tts_PeCans-Perkies-134_{RC:6.94,RS:10.42,RT:0.67}",tts_PeCans-Perkies-134_
133,#f9b4e4,WaterMelons,t_120.svg (https://v5.airtableusercontent.com/v1/15/15/1680681600000/NWI9hlM9Y8AtORgyRdMs2g/nyT1yfXjon8LGN7WMY29nIBNr3SiD-zUw2wb1Nh-JRl2hiK_zFWMTAM_Wy4qkDGoOKAXYtqtdV-luFLY9igFg1jBj8lZrtyEyL7I96w5lBs/tpEqTC0LYm7Ri2huI1jcMVGXOTp51dOP30y6r8anqec),QmS3rDGmq2oqNpLqP9jgNX1kknK9Ao38X3FL7mpzjRnQsQ (https://dl.airtable.com/.attachments/89beccaec9c3a9150c7f1a01f8e45806/1e3015ec/QmS3rDGmq2oqNpLqP9jgNX1kknK9Ao38X3FL7mpzjRnQsQ),#EF6EAA,Spades,8.33,7.64,0.92,RC-7.64_RS-8.33_RT-0.92,"RC:7.64,RS:8.33,RT:0.92","tts_WaterMelons-Spades-133_{RC:7.64,RS:8.33,RT:0.92}",tts_WaterMelons-Spades-133_
132,#f4d4fc,StarBust,t_13.svg (https://v5.airtableusercontent.com/v1/15/15/1680681600000/9xA1IkfGFYI6bjO6ZAmO4Q/El-pH9esb-u6w2vWFzG-WB3_0t0r0Y5WTsCIdwylU55s1I2q8B0IzY_RLjNyj2zVpVW4cJYuT_7gskR736iSDA/Rjmc8ofAYJFogP8hTBlzr6TOi_023MgLR3UbvAT3_r0),QmTPdpM75RhKchiBFacMyS2KdgAHQKzdvFCmZuXzax2qp7 (https://dl.airtable.com/.attachments/e76e553cca6e27005ffee1798ce70051/62e13224/QmTPdpM75RhKchiBFacMyS2KdgAHQKzdvFCmZuXzax2qp7),#F3A4FF,Hypnotits,7.64,8.33,1.09,RC-8.33_RS-7.64_RT-1.09,"RC:8.33,RS:7.64,RT:1.09","tts_StarBust-Hypnotits-132_{RC:8.33,RS:7.64,RT:1.09}",tts_StarBust-Hypnotits-132_
131,#f9b4e4,WaterMelons,t_116.svg (https://v5.airtableusercontent.com/v1/15/15/1680681600000/K3mbLmkPSBpi2DnzybEQJA/oBNLTdpyfdVemM_p_tTPtFRBMAWiT7_CiKW3qEihgqtr7I2Xrw4U5eStmepnvcKchvHBWdCBe8iieTLtJPxLIWCfJ65WuhOOaDX6Iq3BFTI/vSpU_zbC0dTlYfNddq7tLSGqQznb0slgHyXEyZADnJE),QmS3rDGmq2oqNpLqP9jgNX1kknK9Ao38X3FL7mpzjRnQsQ (https://dl.airtable.com/.attachments/89beccaec9c3a9150c7f1a01f8e45806/1e3015ec/QmS3rDGmq2oqNpLqP9jgNX1kknK9Ao38X3FL7mpzjRnQsQ),#EF6EAA,TotalRecalls,8.33,7.64,0.92,RC-7.64_RS-8.33_RT-0.92,"RC:7.64,RS:8.33,RT:0.92","tts_WaterMelons-TotalRecalls-131_{RC:7.64,RS:8.33,RT:0.92}",tts_WaterMelons-TotalRecalls-131_
130,#f9cdaf,CupCakes,t_127.svg (https://v5.airtableusercontent.com/v1/15/15/1680681600000/jF08dZGHiHUqrf_ujt_jbg/__lgUcBlrOHeb3Q6qxMOIccAaho2CteTcmZhKjoYOdcfbKYMchtO5DabySqAnSunyUwaOLlLemQz6At86L-QEetAeMDZ7HrYufazBOEF_lw/yPEuF8Geh6ocSS9SJJx6gqLGV7VAu9-QquPSfS383ls),QmZ3o3GukiJNgiLon4D84FjmepyGBtJ3Wc4c1Ed46iZoSL (https://dl.airtable.com/.attachments/b5efab95eb96c8e64079b7ac4af01eef/e6c17ccf/QmZ3o3GukiJNgiLon4D84FjmepyGBtJ3Wc4c1Ed46iZoSL),#E29764,TotalRecalls,8.33,8.33,1.00,RC-8.33_RS-8.33_RT-1,"RC:8.33,RS:8.33,RT:1","tts_CupCakes-TotalRecalls-130_{RC:8.33,RS:8.33,RT:1}",tts_CupCakes-TotalRecalls-130_
129,#cdbef7,PurpleHush,t_49.svg (https://v5.airtableusercontent.com/v1/15/15/1680681600000/DkLO-olTX5YHGu2_p9aGnw/Xjm9YsLClYqJA-Ev00i-VSoAUikaFYC6Cmj_4apuBcPynJ6in3K80jtt68KC8ViDX6cK60bZLhRgDURTv2b2vg/VSbmvAkYpX5BQ_35QQYx8bTQiUW1huMK8AiRCf2HA2E),Qmf4kCwPg6St6mzsjPtfZmvAgfz4EdeBDwR85Gsb2zqhHL (https://dl.airtable.com/.attachments/9460015687eea7fe5fcbeb2596be435a/74d64864/Qmf4kCwPg6St6mzsjPtfZmvAgfz4EdeBDwR85Gsb2zqhHL),#5F4B8B,TotalRecalls,8.33,6.94,0.83,RC-6.94_RS-8.33_RT-0.83,"RC:6.94,RS:8.33,RT:0.83","tts_PurpleHush-TotalRecalls-129_{RC:6.94,RS:8.33,RT:0.83}",tts_PurpleHush-TotalRecalls-129_
128,#f4d4fc,StarBust,t_20.svg (https://v5.airtableusercontent.com/v1/15/15/1680681600000/7Aq4rCKqxjNfUj8C9yATLA/XMC-WwqJGXnUjDVu0bE3rHo0YRbfkgfRhhf7dsw9SIOk47jowkHh_kppJ2dpuP-KRbl2BpPraQ_Y7Gsufl5BRg/g9OhIwqqP9oAiKFIjAMF-DTJA-Z8bdvA5_vedHEQaEE),QmTPdpM75RhKchiBFacMyS2KdgAHQKzdvFCmZuXzax2qp7 (https://dl.airtable.com/.attachments/e76e553cca6e27005ffee1798ce70051/62e13224/QmTPdpM75RhKchiBFacMyS2KdgAHQKzdvFCmZuXzax2qp7),#F3A4FF,Spades,8.33,8.33,1.00,RC-8.33_RS-8.33_RT-1,"RC:8.33,RS:8.33,RT:1","tts_StarBust-Spades-128_{RC:8.33,RS:8.33,RT:1}",tts_StarBust-Spades-128_
127,#f9cdaf,CupCakes,t_132.svg (https://v5.airtableusercontent.com/v1/15/15/1680681600000/7LiImuiVa8BUoYqGON0P5A/fUm85e59aUcEPiFYw_a9ouqQEJ-eUAMNjmNGQBNdPHl9XGZW1bRMwgmkmGET7TSeDJR3o3oCGmIshZGvL_0BKfSmT-dTVEovvv29GiZGIE8/lf2EqVjHKc43KFCO1xinCKZoFdaLGD6YXyDvMYaOx8s),QmZ3o3GukiJNgiLon4D84FjmepyGBtJ3Wc4c1Ed46iZoSL (https://dl.airtable.com/.attachments/b5efab95eb96c8e64079b7ac4af01eef/e6c17ccf/QmZ3o3GukiJNgiLon4D84FjmepyGBtJ3Wc4c1Ed46iZoSL),#E29764,Trooper,6.94,8.33,1.20,RC-8.33_RS-6.94_RT-1.2,"RC:8.33,RS:6.94,RT:1.2","tts_CupCakes-Trooper-127_{RC:8.33,RS:6.94,RT:1.2}",tts_CupCakes-Trooper-127_
126,#eacece,CocoNaugthy,t_2.svg (https://v5.airtableusercontent.com/v1/15/15/1680681600000/xBVh9Nnftcojjhu8lyEDEA/lzMiqhE9Z_H23R8NHqdbpkW4Az9mV4eDdIXVNlt0vbZ8SzEF18r0TZqgvpyNdIRhcnSQOb5wZ4aSdHatOyi9ow/PlkGDwgIVh_kShWz5iO1ecyNthKXgUY80bvxHw7KRks),QmSfZtwMCQ1nF2xt8vM3FDJudgw6uNwR6fdkuAn6hQ5cKS (https://dl.airtable.com/.attachments/ba3095af1bb3382da6d8d18c31c7483a/a51854b3/QmSfZtwMCQ1nF2xt8vM3FDJudgw6uNwR6fdkuAn6hQ5cKS),#D6AAAA,Hypnotits,7.64,8.33,1.09,RC-8.33_RS-7.64_RT-1.09,"RC:8.33,RS:7.64,RT:1.09","tts_CocoNaugthy-Hypnotits-126_{RC:8.33,RS:7.64,RT:1.09}",tts_CocoNaugthy-Hypnotits-126_
125,#9bd3f9,BooBerries,t_64.svg (https://v5.airtableusercontent.com/v1/15/15/1680681600000/WuFD-5RlzeojoTY_eenj9Q/uvgNQufu7PxnsX8fhE2qlR-Mvf86UuunYW66lXQQcVQDSwW4nZsdn3OL7g4-XfaYFHLmGdqnqwLxAg1af_g-cA/tSDVRduJNrg2p2wRs0jby4DgGW7iaat6qXK5hd4OT1g),QmXRtjtcHHedBCutzLYcf8fU6LmSByTmUDEZf1buqKtpeN (https://dl.airtable.com/.attachments/a3ddc3d4f4bb4608b31720ddcb5277a6/8d073130/QmXRtjtcHHedBCutzLYcf8fU6LmSByTmUDEZf1buqKtpeN),#30B4E2,Spades,8.33,7.64,0.92,RC-7.64_RS-8.33_RT-0.92,"RC:7.64,RS:8.33,RT:0.92","tts_BooBerries-Spades-125_{RC:7.64,RS:8.33,RT:0.92}",tts_BooBerries-Spades-125_
124,#9bd3f9,BooBerries,t_5.svg (https://v5.airtableusercontent.com/v1/15/15/1680681600000/NhQHD8wgZjxo5ZSUTLyZMg/_s3kXpaiRstvdLEMs7VM7Bn-zpGsyAQPX7A39kt00zOuZWzNTmfuWnDNvBloPUNgzDpPL7mifanlb2R7V-zyXQ/1uW8NXtImT7Zr9Ci9nanoIJBQU6n0W4lvep0_LylEAU),QmXRtjtcHHedBCutzLYcf8fU6LmSByTmUDEZf1buqKtpeN (https://dl.airtable.com/.attachments/a3ddc3d4f4bb4608b31720ddcb5277a6/8d073130/QmXRtjtcHHedBCutzLYcf8fU6LmSByTmUDEZf1buqKtpeN),#30B4E2,TotalRecalls,8.33,7.64,0.92,RC-7.64_RS-8.33_RT-0.92,"RC:7.64,RS:8.33,RT:0.92","tts_BooBerries-TotalRecalls-124_{RC:7.64,RS:8.33,RT:0.92}",tts_BooBerries-TotalRecalls-124_
123,#f9b4e4,WaterMelons,t_112.svg (https://v5.airtableusercontent.com/v1/15/15/1680681600000/xiLxmpKQWNIQCzXdV4ApCw/QaQ5JpQGh0eE8Nih2YghRwFUBeXi756x6WFOYsn3ThTca3GA2sTjnLgm718xAeYUVWSt_7lzTS2OxmNfIV3LZhpiMdwL3hl9r8ZjjaH2Sqg/paxlWGO7ndumzISrwI-EZO61oREtcijYqmYFRG7jfRU),QmS3rDGmq2oqNpLqP9jgNX1kknK9Ao38X3FL7mpzjRnQsQ (https://dl.airtable.com/.attachments/89beccaec9c3a9150c7f1a01f8e45806/1e3015ec/QmS3rDGmq2oqNpLqP9jgNX1kknK9Ao38X3FL7mpzjRnQsQ),#EF6EAA,Hoots,8.33,7.64,0.92,RC-7.64_RS-8.33_RT-0.92,"RC:7.64,RS:8.33,RT:0.92","tts_WaterMelons-Hoots-123_{RC:7.64,RS:8.33,RT:0.92}",tts_WaterMelons-Hoots-123_
122,#f9cdaf,CupCakes,t_128.svg (https://v5.airtableusercontent.com/v1/15/15/1680681600000/caS-I5d5NQAj4fzm8kr-tg/xM2uh0AHdwhD_Q0p5vTwEGFUy8G5mndlznAlON1qrkwwZzdqFnaUg_37RClKhwUvUe0bidxQel2YgGkkbvIMciZ0YxuZC9hbq2RaDxhpDh4/kl0EQcTojKA_Kn8Z_ZsnnYrg86RLeUe4ujnEucrR91I),QmZ3o3GukiJNgiLon4D84FjmepyGBtJ3Wc4c1Ed46iZoSL (https://dl.airtable.com/.attachments/b5efab95eb96c8e64079b7ac4af01eef/e6c17ccf/QmZ3o3GukiJNgiLon4D84FjmepyGBtJ3Wc4c1Ed46iZoSL),#E29764,Perkies,10.42,8.33,0.80,RC-8.33_RS-10.42_RT-0.8,"RC:8.33,RS:10.42,RT:0.8","tts_CupCakes-Perkies-122_{RC:8.33,RS:10.42,RT:0.8}",tts_CupCakes-Perkies-122_
121,#f9cdaf,CupCakes,t_130.svg (https://v5.airtableusercontent.com/v1/15/15/1680681600000/viF_XshX6XYBTSu46ABVlg/3WV8rZHMmBWlnOoWfxGSAjghhzZOKyb8z2qlxKDdxJwXTSddQkoivP0CA-YGg31hwUFNJEg0HegXRcVuLEqN64ESGPtOrOekBBo9NOykQPw/_VA2cJaponV4-TkJepW2XEWGJ3_3mHIzypMjWIWqoBs),QmZ3o3GukiJNgiLon4D84FjmepyGBtJ3Wc4c1Ed46iZoSL (https://dl.airtable.com/.attachments/b5efab95eb96c8e64079b7ac4af01eef/e6c17ccf/QmZ3o3GukiJNgiLon4D84FjmepyGBtJ3Wc4c1Ed46iZoSL),#E29764,Shaggies,6.94,8.33,1.20,RC-8.33_RS-6.94_RT-1.2,"RC:8.33,RS:6.94,RT:1.2","tts_CupCakes-Shaggies-121_{RC:8.33,RS:6.94,RT:1.2}",tts_CupCakes-Shaggies-121_
120,#9bd3f9,BooBerries,t_59.svg (https://v5.airtableusercontent.com/v1/15/15/1680681600000/0CuT_nh9Um8qP4RJd7vm9A/4EYTQ-RJ6DA2hXNcYfDv7wF-Fmt7pUvr2teKFKhXEGh6dioM3DsAd94_92NBzhu2XDs8OP36BnR_RAwO8CXxAQ/_SxCsNENWuf-E33nGNdPozRFPScxMdqmgzg97llvbgw),QmXRtjtcHHedBCutzLYcf8fU6LmSByTmUDEZf1buqKtpeN (https://dl.airtable.com/.attachments/a3ddc3d4f4bb4608b31720ddcb5277a6/8d073130/QmXRtjtcHHedBCutzLYcf8fU6LmSByTmUDEZf1buqKtpeN),#30B4E2,HolyMels,8.33,7.64,0.92,RC-7.64_RS-8.33_RT-0.92,"RC:7.64,RS:8.33,RT:0.92","tts_BooBerries-HolyMels-120_{RC:7.64,RS:8.33,RT:0.92}",tts_BooBerries-HolyMels-120_
119,#ffd8bd,PeCans,t_97.svg (https://v5.airtableusercontent.com/v1/15/15/1680681600000/JJqEmf6dekshcYi8YLLalw/I1C_tHfEApNwXn96zqq_cJaQeGotH9V34msTu8D_qFrOCR3GAmnSCkkvcL2F-jGF8uMFntf9jCz-Httsp5Hn0Q/JUbc88DC9HYd5NEtmUuJr8SZencWWHxhcSNp1seL_Lw),QmQ8LZK6kYaw3dSdn8HUBBWieYwgKax1j1PAjcW72J8Z9B (https://dl.airtable.com/.attachments/648e65cf5b832a946ef16fb62b1ceecd/8f81d9c0/QmQ8LZK6kYaw3dSdn8HUBBWieYwgKax1j1PAjcW72J8Z9B),#b7896a,Spades,8.33,6.94,0.83,RC-6.94_RS-8.33_RT-0.83,"RC:6.94,RS:8.33,RT:0.83","tts_PeCans-Spades-119_{RC:6.94,RS:8.33,RT:0.83}",tts_PeCans-Spades-119_
118,#ebf2a7,PaPairmint,t_106.svg (https://v5.airtableusercontent.com/v1/15/15/1680681600000/fXZiW5Aa_sdoocoD5lYt-A/nH41DXPLmQMh9SZXUJyMBSpeAyceDM7c0yf-hzo2MFIiT_ejv8wj3aMV_XszDJT3hbp1lkfjVqeABiKcgUHZNlJwkAQNF76CB9SdYJTnM60/S2KtMP_Ql-01ZhblaXCXtuSi7uV08AShw7RoBLrv6iM),QmaG9JqF5XPEymHUzfkYnTy4QCdh336nd2WQNjuAMd6pop (https://dl.airtable.com/.attachments/6845bdc4060a72dce4505d217fd2d4fa/46c49df6/QmaG9JqF5XPEymHUzfkYnTy4QCdh336nd2WQNjuAMd6pop),#BFD65B,Perkies,10.42,6.94,0.67,RC-6.94_RS-10.42_RT-0.67,"RC:6.94,RS:10.42,RT:0.67","tts_PaPairmint-Perkies-118_{RC:6.94,RS:10.42,RT:0.67}",tts_PaPairmint-Perkies-118_
117,#ffd8bd,PeCans,t_90.svg (https://v5.airtableusercontent.com/v1/15/15/1680681600000/qU8eTPZKUPqgYcbSAo1KRQ/ZRuYG-Gnj_irqo_8elb2miamB_WC2pwsaAnNP7Vp6r1EkaKTf4pGPrIuYBLTNMWBGAxkx7EPQrYQQtdJqQLbkQ/1hSucM6hUtaZEQK8ukBhxsOD8ExBw95oWzMd_MxhNf4),QmQ8LZK6kYaw3dSdn8HUBBWieYwgKax1j1PAjcW72J8Z9B (https://dl.airtable.com/.attachments/648e65cf5b832a946ef16fb62b1ceecd/8f81d9c0/QmQ8LZK6kYaw3dSdn8HUBBWieYwgKax1j1PAjcW72J8Z9B),#b7896a,Hoots,8.33,6.94,0.83,RC-6.94_RS-8.33_RT-0.83,"RC:6.94,RS:8.33,RT:0.83","tts_PeCans-Hoots-117_{RC:6.94,RS:8.33,RT:0.83}",tts_PeCans-Hoots-117_
116,#f4d4fc,StarBust,t_15.svg (https://v5.airtableusercontent.com/v1/15/15/1680681600000/ifN2FHJ7vZifyyOXvAm5Wg/THFpiUIxQSxWW_GG2qHjkGrSGX3focdiPxlEG2c65g-U_prAxeuLwr-fZqonowM40kFyZ2WWG6OvUH4U5Bt2hA/zmBA2scvCoi0W2c6k64_okBDdaAn9J-AERAUnAQm3fQ),QmTPdpM75RhKchiBFacMyS2KdgAHQKzdvFCmZuXzax2qp7 (https://dl.airtable.com/.attachments/e76e553cca6e27005ffee1798ce70051/62e13224/QmTPdpM75RhKchiBFacMyS2KdgAHQKzdvFCmZuXzax2qp7),#F3A4FF,Vintties,7.64,8.33,1.09,RC-8.33_RS-7.64_RT-1.09,"RC:8.33,RS:7.64,RT:1.09","tts_StarBust-Vintties-116_{RC:8.33,RS:7.64,RT:1.09}",tts_StarBust-Vintties-116_
115,#cdbef7,PurpleHush,t_4.svg (https://v5.airtableusercontent.com/v1/15/15/1680681600000/foDH5ukplAFx8-VWW7n9jg/qQ7oaBFTMCtXaayv80bApNWkAkzcYut5qWSfV2IOHASsw8iue6OnMkcEHOVrIff7UcxAfpfxHB-ZbcApRS3ZLg/_bfxNskMyoQXzed3ggxX1mXxaXjgv9H7tzLJlcG4PNY),Qmf4kCwPg6St6mzsjPtfZmvAgfz4EdeBDwR85Gsb2zqhHL (https://dl.airtable.com/.attachments/9460015687eea7fe5fcbeb2596be435a/74d64864/Qmf4kCwPg6St6mzsjPtfZmvAgfz4EdeBDwR85Gsb2zqhHL),#5F4B8B,Vintties,7.64,6.94,0.91,RC-6.94_RS-7.64_RT-0.91,"RC:6.94,RS:7.64,RT:0.91","tts_PurpleHush-Vintties-115_{RC:6.94,RS:7.64,RT:0.91}",tts_PurpleHush-Vintties-115_
114,#ebf2a7,PaPairmint,t_102.svg (https://v5.airtableusercontent.com/v1/15/15/1680681600000/lxa_RBOIhu9zRWZQ3Anxdg/peNjHt3AAyT_rKxihhjmNrQAXy-kG--jpBGG5r5zdcYq7n-0qt8gBYBd8vZlcFKanOKimowOZxjI4tyT6D0W2_QcVkz2nM83eyUu-0uVfz4/5OnHdp_eKxBmzE8z3OcUn8M__tGdg_VZKcBbwDRV7hg),QmaG9JqF5XPEymHUzfkYnTy4QCdh336nd2WQNjuAMd6pop (https://dl.airtable.com/.attachments/6845bdc4060a72dce4505d217fd2d4fa/46c49df6/QmaG9JqF5XPEymHUzfkYnTy4QCdh336nd2WQNjuAMd6pop),#BFD65B,Buffies,6.25,6.94,1.11,RC-6.94_RS-6.25_RT-1.11,"RC:6.94,RS:6.25,RT:1.11","tts_PaPairmint-Buffies-114_{RC:6.94,RS:6.25,RT:1.11}",tts_PaPairmint-Buffies-114_
113,#cdbef7,PurpleHush,t_52.svg (https://v5.airtableusercontent.com/v1/15/15/1680681600000/vfdB2cZwNZIY7hhcPNUn4w/R5YLqjrpn2uZVvEb3pjoDuwPUabsYbXgUDulbN14xcJmWCraOsVLzObbOOs0TXDEJpaKITbrWIyD0fwG2XIC5A/hZIasYwCozHt1Lq8wdWz13kDs-EUW7kOJ4y22wo2Xek),Qmf4kCwPg6St6mzsjPtfZmvAgfz4EdeBDwR85Gsb2zqhHL (https://dl.airtable.com/.attachments/9460015687eea7fe5fcbeb2596be435a/74d64864/Qmf4kCwPg6St6mzsjPtfZmvAgfz4EdeBDwR85Gsb2zqhHL),#5F4B8B,Shaggies,6.94,6.94,1.00,RC-6.94_RS-6.94_RT-1,"RC:6.94,RS:6.94,RT:1","tts_PurpleHush-Shaggies-113_{RC:6.94,RS:6.94,RT:1}",tts_PurpleHush-Shaggies-113_
112,#f9cdaf,CupCakes,t_126.svg (https://v5.airtableusercontent.com/v1/15/15/1680681600000/aRLMEzG1UL2_MnRqYpD-3w/Ye7SHv4fjv4py7vzkBHVaLtEcZCyhMiAtd7S7yCg3on9nFyInH9OgzLpQiGGmzXb67fKcJe5BFYdbsekhycMfOobMmfthr2PWZJgQMNYTTk/4-y4HAL9k7OB-hwNYiovZUDgJQBe9R2SgNHnzaXd6Pk),QmZ3o3GukiJNgiLon4D84FjmepyGBtJ3Wc4c1Ed46iZoSL (https://dl.airtable.com/.attachments/b5efab95eb96c8e64079b7ac4af01eef/e6c17ccf/QmZ3o3GukiJNgiLon4D84FjmepyGBtJ3Wc4c1Ed46iZoSL),#E29764,Vintties,7.64,8.33,1.09,RC-8.33_RS-7.64_RT-1.09,"RC:8.33,RS:7.64,RT:1.09","tts_CupCakes-Vintties-112_{RC:8.33,RS:7.64,RT:1.09}",tts_CupCakes-Vintties-112_
111,#FCDACA,ButterUdders,t_3.svg (https://v5.airtableusercontent.com/v1/15/15/1680681600000/0DGvXLe7USvipbGghU6XKQ/6YR3Bi1uEH4X5mfagZCJruwp00KXjBINhLeLYpI8GPzh5QuEaqvSoSyW6yfUZRHJO1HEsqthRN5ZXMBGashN2A/HsihrdVa2K_cwEjK614iG1Tkg6jYvApoPOJPSKR22Jo),QmUaFe14JgAbwqCzkvXnF7Hh45U441GiPTgBd3xgHbjLBC (https://dl.airtable.com/.attachments/0704685275ab400a55df7d4d0fdac4d2/34932cb0/QmUaFe14JgAbwqCzkvXnF7Hh45U441GiPTgBd3xgHbjLBC),#F9BE9D,HolyMels,8.33,8.33,1.00,RC-8.33_RS-8.33_RT-1,"RC:8.33,RS:8.33,RT:1","tts_ButterUdders-HolyMels-111_{RC:8.33,RS:8.33,RT:1}",tts_ButterUdders-HolyMels-111_
110,#ebf2a7,PaPairmint,t_9.svg (https://v5.airtableusercontent.com/v1/15/15/1680681600000/PMZTkGgtqo72tUIWt48dHQ/0yFnb_36zerN-aXvbJdptnT_XnUtHk7ci17m5aUxsjGqZtH489FBZauli3LAYnBdZAFuwA6SaqA8bak35BPX3Q/6L9sMyMKh-SgUts5kA1PqFYOayRvhcuD12m5S8aOPAQ),QmaG9JqF5XPEymHUzfkYnTy4QCdh336nd2WQNjuAMd6pop (https://dl.airtable.com/.attachments/6845bdc4060a72dce4505d217fd2d4fa/46c49df6/QmaG9JqF5XPEymHUzfkYnTy4QCdh336nd2WQNjuAMd6pop),#BFD65B,Spades,8.33,6.94,0.83,RC-6.94_RS-8.33_RT-0.83,"RC:6.94,RS:8.33,RT:0.83","tts_PaPairmint-Spades-110_{RC:6.94,RS:8.33,RT:0.83}",tts_PaPairmint-Spades-110_
109,#FCDACA,ButterUdders,t_37.svg (https://v5.airtableusercontent.com/v1/15/15/1680681600000/MYCrhAAWdxNYDRqPjvARPQ/W5VuuB2AirACT8m1WbbxtMA5ZJvRtkRfqUpw0w2hR7-wlI-p5wG7VCQi4Z4h0J-vHKb8wgx9_LvdwqyFuQnInA/x19cUVYsAb7q83HCQJRpGR5kckdCFNRaELYn8gE7v-c),QmUaFe14JgAbwqCzkvXnF7Hh45U441GiPTgBd3xgHbjLBC (https://dl.airtable.com/.attachments/0704685275ab400a55df7d4d0fdac4d2/34932cb0/QmUaFe14JgAbwqCzkvXnF7Hh45U441GiPTgBd3xgHbjLBC),#F9BE9D,Vintties,7.64,8.33,1.09,RC-8.33_RS-7.64_RT-1.09,"RC:8.33,RS:7.64,RT:1.09","tts_ButterUdders-Vintties-109_{RC:8.33,RS:7.64,RT:1.09}",tts_ButterUdders-Vintties-109_
108,#cdbef7,PurpleHush,t_48.svg (https://v5.airtableusercontent.com/v1/15/15/1680681600000/_xSK8uAbe_qJJsyVhrzdGA/bSCSxqDBUZ7PL2RRglk71ScWUAiKn-JIrro1n9muaMaZVxawmClSXclTGZSVAudTSt2ZPl77Zj800B-Pc3aIFg/EbpM23Pe7aoQ8-Li5UXNWFKSFyj3qbQkAfm22N9HASM),Qmf4kCwPg6St6mzsjPtfZmvAgfz4EdeBDwR85Gsb2zqhHL (https://dl.airtable.com/.attachments/9460015687eea7fe5fcbeb2596be435a/74d64864/Qmf4kCwPg6St6mzsjPtfZmvAgfz4EdeBDwR85Gsb2zqhHL),#5F4B8B,HolyMels,8.33,6.94,0.83,RC-6.94_RS-8.33_RT-0.83,"RC:6.94,RS:8.33,RT:0.83","tts_PurpleHush-HolyMels-108_{RC:6.94,RS:8.33,RT:0.83}",tts_PurpleHush-HolyMels-108_
107,#f4d4fc,StarBust,t_16.svg (https://v5.airtableusercontent.com/v1/15/15/1680681600000/j-hy7DASPMqj0ma14ahslg/QQT3dGV4KMnt5pT8Joyx-6C6_4F62BbC591iBvPOOk9CvHBlyMRNjC17qkT1ASnHt0C7tSp-9Vy7d0iiMOSrVw/1aAC3mfj-O8zSVRDQp2FDkvbTsiiYFHlXxCVv8NBy3s),QmTPdpM75RhKchiBFacMyS2KdgAHQKzdvFCmZuXzax2qp7 (https://dl.airtable.com/.attachments/e76e553cca6e27005ffee1798ce70051/62e13224/QmTPdpM75RhKchiBFacMyS2KdgAHQKzdvFCmZuXzax2qp7),#F3A4FF,TotalRecalls,8.33,8.33,1.00,RC-8.33_RS-8.33_RT-1,"RC:8.33,RS:8.33,RT:1","tts_StarBust-TotalRecalls-107_{RC:8.33,RS:8.33,RT:1}",tts_StarBust-TotalRecalls-107_
106,#ebf2a7,PaPairmint,t_111.svg (https://v5.airtableusercontent.com/v1/15/15/1680681600000/df70U5IjUC3bZjRXRIe6pw/nqO-VKiiPwpmb8GpWocy_EZmm-TAE8PsjHOkx1BIxmvOIAf3SxR7_R2MWHoiDAsYxwTIdVFMuq-uBEmFmy46Frh0ic1cbsRchisP6rjtBj8/9N76UXzEwba07h2uZWd9JBAATToVHn8UeP20lw5s0ho),QmaG9JqF5XPEymHUzfkYnTy4QCdh336nd2WQNjuAMd6pop (https://dl.airtable.com/.attachments/6845bdc4060a72dce4505d217fd2d4fa/46c49df6/QmaG9JqF5XPEymHUzfkYnTy4QCdh336nd2WQNjuAMd6pop),#BFD65B,Hoots,8.33,6.94,0.83,RC-6.94_RS-8.33_RT-0.83,"RC:6.94,RS:8.33,RT:0.83","tts_PaPairmint-Hoots-106_{RC:6.94,RS:8.33,RT:0.83}",tts_PaPairmint-Hoots-106_
105,#cdbef7,PurpleHush,t_51.svg (https://v5.airtableusercontent.com/v1/15/15/1680681600000/2x-M0i4hs6b0fXQdhGgRoQ/wD__dqd6XUaqTv1rPADUpBJvUdg9tNq6SlMADsl1Pv8feN5DJTO4kTigpAxxOXvGRbHAPzZ0K_pzq2LqEBuWQA/ASOUa-ASFIfv4yyqzD-PRJUC18G0S0E3q55-fZKOoxQ),Qmf4kCwPg6St6mzsjPtfZmvAgfz4EdeBDwR85Gsb2zqhHL (https://dl.airtable.com/.attachments/9460015687eea7fe5fcbeb2596be435a/74d64864/Qmf4kCwPg6St6mzsjPtfZmvAgfz4EdeBDwR85Gsb2zqhHL),#5F4B8B,Oh Buoys,8.33,6.94,0.83,RC-6.94_RS-8.33_RT-0.83,"RC:6.94,RS:8.33,RT:0.83","tts_PurpleHush-Oh Buoys-105_{RC:6.94,RS:8.33,RT:0.83}",tts_PurpleHush-Oh Buoys-105_
104,#e6bbb4,ChocoLattes,t_89.svg (https://v5.airtableusercontent.com/v1/15/15/1680681600000/z2xZvMGrl4FSir8oxsu3KA/rVqLekhis64io45Y0hwdk2vzprjJqSV83qBhqVHG4DNwgG6uzSAjcoSjkrwJg9G7y4sWfGoDmet2UPhixKtCkA/gm9qnbHHmIBAnRLxWNE2zNouTctaBI7oUonZ1Vs9FEs),QmVkHK9tHG8u3TYH5u163jVmA7WEbp11cLmkKTzpujzwTR (https://dl.airtable.com/.attachments/dfa4793867cb4ea644ca76eb9165d9d1/c01cb0c8/QmVkHK9tHG8u3TYH5u163jVmA7WEbp11cLmkKTzpujzwTR),#874D3C,Hoots,8.33,6.94,0.83,RC-6.94_RS-8.33_RT-0.83,"RC:6.94,RS:8.33,RT:0.83","tts_ChocoLattes-Hoots-104_{RC:6.94,RS:8.33,RT:0.83}",tts_ChocoLattes-Hoots-104_
103,#f9cdaf,CupCakes,t_124.svg (https://v5.airtableusercontent.com/v1/15/15/1680681600000/O_75AR9K_659O3VhyuJTzw/CdKqSmtGsBVur1RuONNnLP-KOYO8e3VinyD4JtbPTAyuL-FIN7z1SX8whNAA9FIwauzJQ9zuoqOgEF88uySb5-M_wNf2XSNuzq7gwA5I8UE/gBK8tCOUGA98xoKmEpUtRydS39lmRPiG-wsrsFe8fZM),QmZ3o3GukiJNgiLon4D84FjmepyGBtJ3Wc4c1Ed46iZoSL (https://dl.airtable.com/.attachments/b5efab95eb96c8e64079b7ac4af01eef/e6c17ccf/QmZ3o3GukiJNgiLon4D84FjmepyGBtJ3Wc4c1Ed46iZoSL),#E29764,Hypnotits,7.64,8.33,1.09,RC-8.33_RS-7.64_RT-1.09,"RC:8.33,RS:7.64,RT:1.09","tts_CupCakes-Hypnotits-103_{RC:8.33,RS:7.64,RT:1.09}",tts_CupCakes-Hypnotits-103_
102,#9bd3f9,BooBerries,t_63.svg (https://v5.airtableusercontent.com/v1/15/15/1680681600000/lu5VHj4BZ1VJ3eKsOhm8OA/GXpx3-t_PK4Tg5psWBQnv7j7aplusjGIOVydjly0k2oUedF8R7nQEMRIUou4PKzU3S9rdDOs3NyWNGd-QoQCog/niSkZXocTZc0Shss59uz9I4zX60g_guJP9tQJ-mxxD0),QmXRtjtcHHedBCutzLYcf8fU6LmSByTmUDEZf1buqKtpeN (https://dl.airtable.com/.attachments/a3ddc3d4f4bb4608b31720ddcb5277a6/8d073130/QmXRtjtcHHedBCutzLYcf8fU6LmSByTmUDEZf1buqKtpeN),#30B4E2,Shaggies,6.94,7.64,1.10,RC-7.64_RS-6.94_RT-1.1,"RC:7.64,RS:6.94,RT:1.1","tts_BooBerries-Shaggies-102_{RC:7.64,RS:6.94,RT:1.1}",tts_BooBerries-Shaggies-102_
101,#ffe1b6,TataColadas,t_68.svg (https://v5.airtableusercontent.com/v1/15/15/1680681600000/bAwkDq-f-FGZ9zCQxCeTSw/ie8IrGfmKrGw-RtE82HpZZqyQ8GGnnR0vOcAz1eJxvWvMX85VaE0kwKYkXVxjbIT8UBlT5rRcd7hFpVMTNwP_A/MSicqVp7Jlo44MzkQybrQxQDKhEymO_mUc-GpWLATsU),Qmb1ZKoLFtBkyMHzP8Hx5To7pSiBww2K6oxNmLmyBjra4m (https://dl.airtable.com/.attachments/d3ec99a7946dd75cda147557d3e4c343/9a024460/Qmb1ZKoLFtBkyMHzP8Hx5To7pSiBww2K6oxNmLmyBjra4m),#F9C87A,Hoots,8.33,7.64,0.92,RC-7.64_RS-8.33_RT-0.92,"RC:7.64,RS:8.33,RT:0.92","tts_TataColadas-Hoots-101_{RC:7.64,RS:8.33,RT:0.92}",tts_TataColadas-Hoots-101_
100,#f9cdaf,CupCakes,t_123.svg (https://v5.airtableusercontent.com/v1/15/15/1680681600000/l4u6Dvbfs3tU_DxJuZCiSw/BaQ6LuL7ZtdYkJY9-6LJQu4sY0JUiRfIub1ZcHDFB40G7rgmhWzOwH7hDEX4AvOwvW279L_PIrJMh-6lyyDvxQCYKcPG5GW-OBifE6hwB8E/LfGZwiagZIe6k2ngs_zJ2-lSn3okjUwowQrO5mZnd04),QmZ3o3GukiJNgiLon4D84FjmepyGBtJ3Wc4c1Ed46iZoSL (https://dl.airtable.com/.attachments/b5efab95eb96c8e64079b7ac4af01eef/e6c17ccf/QmZ3o3GukiJNgiLon4D84FjmepyGBtJ3Wc4c1Ed46iZoSL),#E29764,Hoots,8.33,8.33,1.00,RC-8.33_RS-8.33_RT-1,"RC:8.33,RS:8.33,RT:1","tts_CupCakes-Hoots-100_{RC:8.33,RS:8.33,RT:1}",tts_CupCakes-Hoots-100_
99,#e6bbb4,ChocoLattes,t_87.svg (https://v5.airtableusercontent.com/v1/15/15/1680681600000/D0HxBHYSunQcAV16lxAorw/jDgykEyR9n_BVu2XWlqApL0MQIb2yNQiZOvwza_MjLZAwxdcZDp-L_mcHsJJBPQvgc0SlHA0H93D1ANZ9qLdKQ/k1ltD1NPacKgENtd2i3bPVhKeVI2wO6usfCkmP61--U),QmVkHK9tHG8u3TYH5u163jVmA7WEbp11cLmkKTzpujzwTR (https://dl.airtable.com/.attachments/dfa4793867cb4ea644ca76eb9165d9d1/c01cb0c8/QmVkHK9tHG8u3TYH5u163jVmA7WEbp11cLmkKTzpujzwTR),#874D3C,HolyMels,8.33,6.94,0.83,RC-6.94_RS-8.33_RT-0.83,"RC:6.94,RS:8.33,RT:0.83","tts_ChocoLattes-HolyMels-99_{RC:6.94,RS:8.33,RT:0.83}",tts_ChocoLattes-HolyMels-99_
98,#f9cdaf,CupCakes,t_11.svg (https://v5.airtableusercontent.com/v1/15/15/1680681600000/q2lA9IKc6onH_omqq7nBNQ/kNIN0b3mYLcrJuvCoCXL3Aw3VdagQpktS0cDceVen5qNVkWgSlYj9TIg2RDQbevyBaDGrDluv1qaddvEmy9Aaw/24OfHSSYwoGOb_UaUCn9HGC6xE4GqG19aNKPT1xx2YE),QmZ3o3GukiJNgiLon4D84FjmepyGBtJ3Wc4c1Ed46iZoSL (https://dl.airtable.com/.attachments/b5efab95eb96c8e64079b7ac4af01eef/e6c17ccf/QmZ3o3GukiJNgiLon4D84FjmepyGBtJ3Wc4c1Ed46iZoSL),#E29764,Buffies,6.25,8.33,1.33,RC-8.33_RS-6.25_RT-1.33,"RC:8.33,RS:6.25,RT:1.33","tts_CupCakes-Buffies-98_{RC:8.33,RS:6.25,RT:1.33}",tts_CupCakes-Buffies-98_
97,#9bd3f9,BooBerries,t_67.svg (https://v5.airtableusercontent.com/v1/15/15/1680681600000/RYBZhXEYnFrGKPnCWv7Vdg/X_pXIW-Eu5zHamMlDn7Gs4ZvoKoULnJRg7epxKmUmsHQpGm-ocKXNJI5KmtZBGtbKogvmQSo8PfGJGn6pS4zrw/YDrMynQk3N6cb05uUENMcD4UOj_PEsl9ApDkDBH5Sww),QmXRtjtcHHedBCutzLYcf8fU6LmSByTmUDEZf1buqKtpeN (https://dl.airtable.com/.attachments/a3ddc3d4f4bb4608b31720ddcb5277a6/8d073130/QmXRtjtcHHedBCutzLYcf8fU6LmSByTmUDEZf1buqKtpeN),#30B4E2,Artemis,12.50,7.64,0.61,RC-7.64_RS-12.5_RT-0.61,"RC:7.64,RS:12.5,RT:0.61","tts_BooBerries-Artemis-97_{RC:7.64,RS:12.5,RT:0.61}",tts_BooBerries-Artemis-97_
96,#ffe1b6,TataColadas,t_78.svg (https://v5.airtableusercontent.com/v1/15/15/1680681600000/LGhF-fp_zjwR08LW6MiCIQ/zAUgGrirb3DmjybndOr48A6zl-erFtB7iCULo3toboj-YnjCmeLpIGjmRckVZuTgAds7DyNDmX93A9386ooj-Q/Ft84NudkVa0q9N5Hu3MQUW2Cpq2AgJf8-KJ1KKKOQSk),Qmb1ZKoLFtBkyMHzP8Hx5To7pSiBww2K6oxNmLmyBjra4m (https://dl.airtable.com/.attachments/d3ec99a7946dd75cda147557d3e4c343/9a024460/Qmb1ZKoLFtBkyMHzP8Hx5To7pSiBww2K6oxNmLmyBjra4m),#F9C87A,Artemis,12.50,7.64,0.61,RC-7.64_RS-12.5_RT-0.61,"RC:7.64,RS:12.5,RT:0.61","tts_TataColadas-Artemis-96_{RC:7.64,RS:12.5,RT:0.61}",tts_TataColadas-Artemis-96_
95,#ebf2a7,PaPairmint,t_108.svg (https://v5.airtableusercontent.com/v1/15/15/1680681600000/Uoj88320khPi5Gibno1pgg/LNqUg3U4z8FaYEJ9aMR3jsDhvbaTfLLPP2skmElmTIKP667SKa-M1yqxXGQ1uhD4VJiRekFn0glCO3wVI_Gw2KnTHZ8xrLLTlZzJTUjI0mY/NpwVBfazXMZ1jVuNG4Sfu-YQIZU-V1A4qIuG5ynUpNA),QmaG9JqF5XPEymHUzfkYnTy4QCdh336nd2WQNjuAMd6pop (https://dl.airtable.com/.attachments/6845bdc4060a72dce4505d217fd2d4fa/46c49df6/QmaG9JqF5XPEymHUzfkYnTy4QCdh336nd2WQNjuAMd6pop),#BFD65B,Vintties,7.64,6.94,0.91,RC-6.94_RS-7.64_RT-0.91,"RC:6.94,RS:7.64,RT:0.91","tts_PaPairmint-Vintties-95_{RC:6.94,RS:7.64,RT:0.91}",tts_PaPairmint-Vintties-95_
94,#e6bbb4,ChocoLattes,t_85.svg (https://v5.airtableusercontent.com/v1/15/15/1680681600000/cuW-X9F11wqSBoF0lJ8TDg/vvhEtaiu0NDpdyY5k4wrhzN5lbdHOq9yEOHZezl-ljo3zO9TXHtLdE4Ex4hOhF4KSrfDhdtRCPFt_SfPjoiN9A/671uh4YlVeZs1spFJ-AkdcyN_73UpDmDaej7umRUvsE),QmVkHK9tHG8u3TYH5u163jVmA7WEbp11cLmkKTzpujzwTR (https://dl.airtable.com/.attachments/dfa4793867cb4ea644ca76eb9165d9d1/c01cb0c8/QmVkHK9tHG8u3TYH5u163jVmA7WEbp11cLmkKTzpujzwTR),#874D3C,TotalRecalls,8.33,6.94,0.83,RC-6.94_RS-8.33_RT-0.83,"RC:6.94,RS:8.33,RT:0.83","tts_ChocoLattes-TotalRecalls-94_{RC:6.94,RS:8.33,RT:0.83}",tts_ChocoLattes-TotalRecalls-94_
93,#ff9a9f,CherryBosoms,t_142.svg (https://v5.airtableusercontent.com/v1/15/15/1680681600000/wJxhQJQrHLccwMVRSW04lQ/WIJhG97_85idtweiy_WaswwLGlRwEQ_5ykMMTeETmXbIXrWQ7YpCxXTYkSzjrKo7y8rQbMvReTIR7qqwwDU6kx-GnAAtrUxH8mPNoh_GdSw/4fA4ZtDi1UOPRxwIYGFI1KwEQKOi1vFKdcyxlbWynj8),Qmb39mH5yMiQ7FzjYsLroiTpzNybhqERSUXk9kCwDsi63c (https://dl.airtable.com/.attachments/2778796d9f23ca2d6b20c2563674842b/acbdfb0b/Qmb39mH5yMiQ7FzjYsLroiTpzNybhqERSUXk9kCwDsi63c),#891946,HolyMels,8.33,6.25,0.75,RC-6.25_RS-8.33_RT-0.75,"RC:6.25,RS:8.33,RT:0.75","tts_CherryBosoms-HolyMels-93_{RC:6.25,RS:8.33,RT:0.75}",tts_CherryBosoms-HolyMels-93_
92,#f9cdaf,CupCakes,t_125.svg (https://v5.airtableusercontent.com/v1/15/15/1680681600000/QUw4tKG_MXAuefA1LL_XJA/5SUz_lCK0Ghnd2FuEVNpzOfLMjxsLMHwNxctJDUQTLo8q3eIoKTss36EpV3MVqsIVQ4kX8NXhR1Y4RZJLMp3p7lLkCDdZw8ujXiFhcbXW0Y/jwZL9QNv3e-RKSOPXvydqUCXbXi6Wh55OyxWKpwFU1M),QmZ3o3GukiJNgiLon4D84FjmepyGBtJ3Wc4c1Ed46iZoSL (https://dl.airtable.com/.attachments/b5efab95eb96c8e64079b7ac4af01eef/e6c17ccf/QmZ3o3GukiJNgiLon4D84FjmepyGBtJ3Wc4c1Ed46iZoSL),#E29764,HolyMels,8.33,8.33,1.00,RC-8.33_RS-8.33_RT-1,"RC:8.33,RS:8.33,RT:1","tts_CupCakes-HolyMels-92_{RC:8.33,RS:8.33,RT:1}",tts_CupCakes-HolyMels-92_
91,#eacece,CocoNaugthy,t_34.svg (https://v5.airtableusercontent.com/v1/15/15/1680681600000/KQ8x_xc5vAsI-9ImyJEeZQ/OSN76Rx6rsFLDgojc8_Jys7EkuXTLVGVc-Sy_mjqHV6MCQQRXav4WpynifqiK0oARYmWUI9Cfomq9lN4PSKLIw/Jvj-oJ3TgDCmXezxV190K4sulDxSEO_0CJ1Rg1n7KSE),QmSfZtwMCQ1nF2xt8vM3FDJudgw6uNwR6fdkuAn6hQ5cKS (https://dl.airtable.com/.attachments/ba3095af1bb3382da6d8d18c31c7483a/a51854b3/QmSfZtwMCQ1nF2xt8vM3FDJudgw6uNwR6fdkuAn6hQ5cKS),#D6AAAA,Hoots,8.33,8.33,1.00,RC-8.33_RS-8.33_RT-1,"RC:8.33,RS:8.33,RT:1","tts_CocoNaugthy-Hoots-91_{RC:8.33,RS:8.33,RT:1}",tts_CocoNaugthy-Hoots-91_
90,#9bd3f9,BooBerries,t_61.svg (https://v5.airtableusercontent.com/v1/15/15/1680681600000/Xy1s5wK3uShi6nbHz0wCKQ/eH9Ahs5ezGsfKmQQbhyAnuubc_26Zk8vtmZN0Cb2uVBDkIur1bpiLDWw8kM09Y4TYCTvN8se1iQFe1cYh_0g4w/DMgV1FDSxWuOhGgA58eJfUoriM9-ZeQ5P1locyanlVc),QmXRtjtcHHedBCutzLYcf8fU6LmSByTmUDEZf1buqKtpeN (https://dl.airtable.com/.attachments/a3ddc3d4f4bb4608b31720ddcb5277a6/8d073130/QmXRtjtcHHedBCutzLYcf8fU6LmSByTmUDEZf1buqKtpeN),#30B4E2,Perkies,10.42,7.64,0.73,RC-7.64_RS-10.42_RT-0.73,"RC:7.64,RS:10.42,RT:0.73","tts_BooBerries-Perkies-90_{RC:7.64,RS:10.42,RT:0.73}",tts_BooBerries-Perkies-90_
89,#ffe1b6,TataColadas,t_6.svg (https://v5.airtableusercontent.com/v1/15/15/1680681600000/EAAcNrHzDybqbG0ADzv81g/9BNUqci0fHvbG0boTOL2zZ2pg3Am3tDIY-MlPRdUhFv4TNre5J4PeaKbAGqacpm_CaUUKsW5F6-85XJhmOESRw/65pTD5jeoubnjYxMyU5QoVarZ3sZo3EEzRDUqzNeS3Y),Qmb1ZKoLFtBkyMHzP8Hx5To7pSiBww2K6oxNmLmyBjra4m (https://dl.airtable.com/.attachments/d3ec99a7946dd75cda147557d3e4c343/9a024460/Qmb1ZKoLFtBkyMHzP8Hx5To7pSiBww2K6oxNmLmyBjra4m),#F9C87A,Perkies,10.42,7.64,0.73,RC-7.64_RS-10.42_RT-0.73,"RC:7.64,RS:10.42,RT:0.73","tts_TataColadas-Perkies-89_{RC:7.64,RS:10.42,RT:0.73}",tts_TataColadas-Perkies-89_
88,#cdbef7,PurpleHush,t_56.svg (https://v5.airtableusercontent.com/v1/15/15/1680681600000/7lIld91YeKUAcUX4ujGJSQ/U1A_lpBs2m9GB5WzqWNCKYWpQ-WxZ-O1GOGjekaKYD_-ixlxQVnXJa_aRzhgwlu4GLfmc6YnnfcJMzncIldhqA/nmoS-9ddsvftIpJtLVl6TT2VKzIi63qGIagYy_USY0I),Qmf4kCwPg6St6mzsjPtfZmvAgfz4EdeBDwR85Gsb2zqhHL (https://dl.airtable.com/.attachments/9460015687eea7fe5fcbeb2596be435a/74d64864/Qmf4kCwPg6St6mzsjPtfZmvAgfz4EdeBDwR85Gsb2zqhHL),#5F4B8B,Artemis,12.50,6.94,0.56,RC-6.94_RS-12.5_RT-0.56,"RC:6.94,RS:12.5,RT:0.56","tts_PurpleHush-Artemis-88_{RC:6.94,RS:12.5,RT:0.56}",tts_PurpleHush-Artemis-88_
87,#f4d4fc,StarBust,t_22.svg (https://v5.airtableusercontent.com/v1/15/15/1680681600000/4lCwdm2NX7Ar82YltpdMWw/wCvlGylc5Vg_L6oINDg4_7S7OD8_YDAjVVtER-ejQlWtekIaIR2rkJ69K_B5La11yyAA76cwOu9I7HBBZ9mcDQ/q9v2SMVuGMo9RHbVUb0KqjK8oSXZ0tjjWm5v3dyc8hg),QmTPdpM75RhKchiBFacMyS2KdgAHQKzdvFCmZuXzax2qp7 (https://dl.airtable.com/.attachments/e76e553cca6e27005ffee1798ce70051/62e13224/QmTPdpM75RhKchiBFacMyS2KdgAHQKzdvFCmZuXzax2qp7),#F3A4FF,Buffies,6.25,8.33,1.33,RC-8.33_RS-6.25_RT-1.33,"RC:8.33,RS:6.25,RT:1.33","tts_StarBust-Buffies-87_{RC:8.33,RS:6.25,RT:1.33}",tts_StarBust-Buffies-87_
86,#ebf2a7,PaPairmint,t_101.svg (https://v5.airtableusercontent.com/v1/15/15/1680681600000/ipplz1yfnhxTi4eZefvdZQ/8wNiNdYPqCXgy42vaZx3C90WRHfhieZ435Tz2CD6_lj-st-ccLgkNWhJ8VKw0lTfc7O-3xPT78bu97FofTpcPnO1nZ_9qTWyWpay8o_t32w/VutN-vfhKm0rycaOk9p-Tiygqi5wWkR5LEO7bMfgODM),QmaG9JqF5XPEymHUzfkYnTy4QCdh336nd2WQNjuAMd6pop (https://dl.airtable.com/.attachments/6845bdc4060a72dce4505d217fd2d4fa/46c49df6/QmaG9JqF5XPEymHUzfkYnTy4QCdh336nd2WQNjuAMd6pop),#BFD65B,Artemis,12.50,6.94,0.56,RC-6.94_RS-12.5_RT-0.56,"RC:6.94,RS:12.5,RT:0.56","tts_PaPairmint-Artemis-86_{RC:6.94,RS:12.5,RT:0.56}",tts_PaPairmint-Artemis-86_
85,#9bd3f9,BooBerries,t_58.svg (https://v5.airtableusercontent.com/v1/15/15/1680681600000/Q_rIXb54tl3gBspcIvyIiA/naM4VsqBX1Ju6Ev3EMPBFScMqTlsqAzSEzFzwbRg6is73zdfkefXV90naKodgzT7jtUP1lugjFzHlhUSifAacQ/39UBbNWYUSfRoALTIM37a_2SNYCR9Dzz6LRUO2Ug8j8),QmXRtjtcHHedBCutzLYcf8fU6LmSByTmUDEZf1buqKtpeN (https://dl.airtable.com/.attachments/a3ddc3d4f4bb4608b31720ddcb5277a6/8d073130/QmXRtjtcHHedBCutzLYcf8fU6LmSByTmUDEZf1buqKtpeN),#30B4E2,Hypnotits,7.64,7.64,1.00,RC-7.64_RS-7.64_RT-1,"RC:7.64,RS:7.64,RT:1","tts_BooBerries-Hypnotits-85_{RC:7.64,RS:7.64,RT:1}",tts_BooBerries-Hypnotits-85_
84,#cdbef7,PurpleHush,t_47.svg (https://v5.airtableusercontent.com/v1/15/15/1680681600000/QcDFEUmzr5IYVTxmZ258JQ/9W1QVgVpt_qLDC3e85JChgDHNyfcEbQZdUdt42fIXgItbFtw8TaAKZTFOONcnnsWQqUVeXPFD575ANENe0l3sQ/3AH07iz7xWtQOwk-XwmjQmUdilsb0_qhPw5aGOyMejc),Qmf4kCwPg6St6mzsjPtfZmvAgfz4EdeBDwR85Gsb2zqhHL (https://dl.airtable.com/.attachments/9460015687eea7fe5fcbeb2596be435a/74d64864/Qmf4kCwPg6St6mzsjPtfZmvAgfz4EdeBDwR85Gsb2zqhHL),#5F4B8B,Hypnotits,7.64,6.94,0.91,RC-6.94_RS-7.64_RT-0.91,"RC:6.94,RS:7.64,RT:0.91","tts_PurpleHush-Hypnotits-84_{RC:6.94,RS:7.64,RT:0.91}",tts_PurpleHush-Hypnotits-84_
83,#f4d4fc,StarBust,t_21.svg (https://v5.airtableusercontent.com/v1/15/15/1680681600000/_aYBLzDoMUUzLdOaJf5HlA/FSI_sEe8Mu4V5v4XeWZH6MXD7HPewinLxFNRXPC769tq_LXpJgtNfLp7U77C5lE2-rNLxvTWybREJO_pd2vK3Q/BbjY2gvUvLrzJKOaOb7iqYZnidYacfruqYUCurvBBAQ),QmTPdpM75RhKchiBFacMyS2KdgAHQKzdvFCmZuXzax2qp7 (https://dl.airtable.com/.attachments/e76e553cca6e27005ffee1798ce70051/62e13224/QmTPdpM75RhKchiBFacMyS2KdgAHQKzdvFCmZuXzax2qp7),#F3A4FF,Trooper,6.94,8.33,1.20,RC-8.33_RS-6.94_RT-1.2,"RC:8.33,RS:6.94,RT:1.2","tts_StarBust-Trooper-83_{RC:8.33,RS:6.94,RT:1.2}",tts_StarBust-Trooper-83_
82,#ffe1b6,TataColadas,t_74.svg (https://v5.airtableusercontent.com/v1/15/15/1680681600000/gvRkTlnToWFwJUClON3seg/nZKXGxVJpoLu8s5FUvHV46UlYAzZ8AXF_teGF2nVmCrxUZ3gepwRaFt2RBuGttQIP0hVJ0ywE-CIAb2a3YPmcA/FW6J-myzplvAIf99yTwgnMkSXiNLn2MkR8jF_UxFn6M),Qmb1ZKoLFtBkyMHzP8Hx5To7pSiBww2K6oxNmLmyBjra4m (https://dl.airtable.com/.attachments/d3ec99a7946dd75cda147557d3e4c343/9a024460/Qmb1ZKoLFtBkyMHzP8Hx5To7pSiBww2K6oxNmLmyBjra4m),#F9C87A,Shaggies,6.94,7.64,1.10,RC-7.64_RS-6.94_RT-1.1,"RC:7.64,RS:6.94,RT:1.1","tts_TataColadas-Shaggies-82_{RC:7.64,RS:6.94,RT:1.1}",tts_TataColadas-Shaggies-82_
81,#ffe1b6,TataColadas,t_72.svg (https://v5.airtableusercontent.com/v1/15/15/1680681600000/77WVAJF1PbWL4yVG2zSN3Q/6L8bay_edVeRFlI3oI02J9bPfuVh6SM3znJi9cHkdj34txTN90YNbXpJjy2xS6Ry6jUBREhbu7M-zIhOzzjJog/5Caneebuvf48-QhO3LPUCoufnJ-wxLeaBw6aXxCooSk),Qmb1ZKoLFtBkyMHzP8Hx5To7pSiBww2K6oxNmLmyBjra4m (https://dl.airtable.com/.attachments/d3ec99a7946dd75cda147557d3e4c343/9a024460/Qmb1ZKoLFtBkyMHzP8Hx5To7pSiBww2K6oxNmLmyBjra4m),#F9C87A,TotalRecalls,8.33,7.64,0.92,RC-7.64_RS-8.33_RT-0.92,"RC:7.64,RS:8.33,RT:0.92","tts_TataColadas-TotalRecalls-81_{RC:7.64,RS:8.33,RT:0.92}",tts_TataColadas-TotalRecalls-81_
80,#ffe1b6,TataColadas,t_70.svg (https://v5.airtableusercontent.com/v1/15/15/1680681600000/Knsfvs_wML4qOSmbv4wIZw/rCz1RLA30w-w9chKO11DTTV2r8Mgxz3JS8U8RIOjRTfr03j9b2_7qRD1jyXdQjlwKSmtmGYbD4zcckDgj2QucQ/lnUjnx7ha5KSspYZa3-pq119GzgvDwEuPmnDWdJS4-g),Qmb1ZKoLFtBkyMHzP8Hx5To7pSiBww2K6oxNmLmyBjra4m (https://dl.airtable.com/.attachments/d3ec99a7946dd75cda147557d3e4c343/9a024460/Qmb1ZKoLFtBkyMHzP8Hx5To7pSiBww2K6oxNmLmyBjra4m),#F9C87A,HolyMels,8.33,7.64,0.92,RC-7.64_RS-8.33_RT-0.92,"RC:7.64,RS:8.33,RT:0.92","tts_TataColadas-HolyMels-80_{RC:7.64,RS:8.33,RT:0.92}",tts_TataColadas-HolyMels-80_
79,#f9b4e4,WaterMelons,t_10.svg (https://v5.airtableusercontent.com/v1/15/15/1680681600000/3DvMv--sP5F8nh_iyWIkrg/uRNz3-PyI8xaPQcoGckRyVXkRUf7SkV0kEvJagWQZpuDvuAwPakKH-Mm28tyIUu-KxtI41ofLtmH9kasN8b85g/3GZpmwJdZTts1WrKAr08ehWnc6yuSEvFPVBfkvie1Gc),QmS3rDGmq2oqNpLqP9jgNX1kknK9Ao38X3FL7mpzjRnQsQ (https://dl.airtable.com/.attachments/89beccaec9c3a9150c7f1a01f8e45806/1e3015ec/QmS3rDGmq2oqNpLqP9jgNX1kknK9Ao38X3FL7mpzjRnQsQ),#EF6EAA,Trooper,6.94,7.64,1.10,RC-7.64_RS-6.94_RT-1.1,"RC:7.64,RS:6.94,RT:1.1","tts_WaterMelons-Trooper-79_{RC:7.64,RS:6.94,RT:1.1}",tts_WaterMelons-Trooper-79_
78,#f4d4fc,StarBust,t_17.svg (https://v5.airtableusercontent.com/v1/15/15/1680681600000/q7O8zZl51Wx5fs0iwJ-tqg/2-h8akfwJM6XvjCIfvSOTRBjSgAC6Cp5INh7GPQyOf-hVpcNBm7wcZzk6q0paNtW1FemleqCeqyoBhEO3pWKkw/AYXwD-HyPlisDwytHlzZCbOTKrzY_RltuhNvPLHONkg),QmTPdpM75RhKchiBFacMyS2KdgAHQKzdvFCmZuXzax2qp7 (https://dl.airtable.com/.attachments/e76e553cca6e27005ffee1798ce70051/62e13224/QmTPdpM75RhKchiBFacMyS2KdgAHQKzdvFCmZuXzax2qp7),#F3A4FF,Perkies,10.42,8.33,0.80,RC-8.33_RS-10.42_RT-0.8,"RC:8.33,RS:10.42,RT:0.8","tts_StarBust-Perkies-78_{RC:8.33,RS:10.42,RT:0.8}",tts_StarBust-Perkies-78_
77,#ffe1b6,TataColadas,t_69.svg (https://v5.airtableusercontent.com/v1/15/15/1680681600000/6-PVObUkKYABhvV0b97xfg/XclvOvC57_DqvSEtrSSDh6RsVw2OIOe0deF-Nm2JJmSB62XrTXyQaZTgKARlinn-KWPSLk2QzF-dunlVP_T4zw/i97kxLqxJtXzuwYyNfcUpClzm7JGmaW6tAj4TaVh3lE),Qmb1ZKoLFtBkyMHzP8Hx5To7pSiBww2K6oxNmLmyBjra4m (https://dl.airtable.com/.attachments/d3ec99a7946dd75cda147557d3e4c343/9a024460/Qmb1ZKoLFtBkyMHzP8Hx5To7pSiBww2K6oxNmLmyBjra4m),#F9C87A,Hypnotits,7.64,7.64,1.00,RC-7.64_RS-7.64_RT-1,"RC:7.64,RS:7.64,RT:1","tts_TataColadas-Hypnotits-77_{RC:7.64,RS:7.64,RT:1}",tts_TataColadas-Hypnotits-77_
76,#ffe1b6,TataColadas,t_75.svg (https://v5.airtableusercontent.com/v1/15/15/1680681600000/zEoPzEYbnFm2iQ4Dd7Qdiw/TDHzdbotUJgVYPRd7VdNhpXAdyb-mX6o-YZzlmIwXr223hBxIBc0OuTbZYgMCG4DAehW_mgzBOxwFmwi0RDSow/ObBLyD5xkfX82kJ8aS9fbx88QlLa6W5Zj4Wth1UnFlk),Qmb1ZKoLFtBkyMHzP8Hx5To7pSiBww2K6oxNmLmyBjra4m (https://dl.airtable.com/.attachments/d3ec99a7946dd75cda147557d3e4c343/9a024460/Qmb1ZKoLFtBkyMHzP8Hx5To7pSiBww2K6oxNmLmyBjra4m),#F9C87A,Spades,8.33,7.64,0.92,RC-7.64_RS-8.33_RT-0.92,"RC:7.64,RS:8.33,RT:0.92","tts_TataColadas-Spades-76_{RC:7.64,RS:8.33,RT:0.92}",tts_TataColadas-Spades-76_
75,#e6bbb4,ChocoLattes,t_88.svg (https://v5.airtableusercontent.com/v1/15/15/1680681600000/toIhUS4qYsIRLMe3RArWjQ/bUpmXMieRZT2YxpWvhS3pLpjMuBJolKBHa-t2cRQYRq501IH5EihcfhdIAywsbRxd5CEJH552Msq4t1BSbQ2aA/ZYe5wvKc0CCzCAS19HPNZh86GoGAyuna5kJlmbRQBL0),QmVkHK9tHG8u3TYH5u163jVmA7WEbp11cLmkKTzpujzwTR (https://dl.airtable.com/.attachments/dfa4793867cb4ea644ca76eb9165d9d1/c01cb0c8/QmVkHK9tHG8u3TYH5u163jVmA7WEbp11cLmkKTzpujzwTR),#874D3C,Hypnotits,7.64,6.94,0.91,RC-6.94_RS-7.64_RT-0.91,"RC:6.94,RS:7.64,RT:0.91","tts_ChocoLattes-Hypnotits-75_{RC:6.94,RS:7.64,RT:0.91}",tts_ChocoLattes-Hypnotits-75_
74,#FCDACA,ButterUdders,t_41.svg (https://v5.airtableusercontent.com/v1/15/15/1680681600000/TIPCI-f4ilH16x43Px99Lg/IGV9E2fMokFpWKh-haTnsE5DxVCIq183aGpl9xMpBlLxgaGZAbgSj_vOzEGvOet14D1ra5ZtMbg-V4y8T9xB9A/TzVodpcVz0xqUdz4akOu_I0BlsfEPIPKYmyO1csieVo),QmUaFe14JgAbwqCzkvXnF7Hh45U441GiPTgBd3xgHbjLBC (https://dl.airtable.com/.attachments/0704685275ab400a55df7d4d0fdac4d2/34932cb0/QmUaFe14JgAbwqCzkvXnF7Hh45U441GiPTgBd3xgHbjLBC),#F9BE9D,Shaggies,6.94,8.33,1.20,RC-8.33_RS-6.94_RT-1.2,"RC:8.33,RS:6.94,RT:1.2","tts_ButterUdders-Shaggies-74_{RC:8.33,RS:6.94,RT:1.2}",tts_ButterUdders-Shaggies-74_
73,#FCDACA,ButterUdders,t_42.svg (https://v5.airtableusercontent.com/v1/15/15/1680681600000/aXaWSTafvVAHO5KkoOfV6A/yTJrNWf92WSm29tV-Me_qPb_njOx2J0ztX9021I8I0wbUfnGv33EaBPEBuQ1V0JPhUCoJxktNG2zMcvvEA2AzA/ZOKwIiRpAiIcA9em1NlEiaoq2n_ot-gznKzCO9rZ6VY),QmUaFe14JgAbwqCzkvXnF7Hh45U441GiPTgBd3xgHbjLBC (https://dl.airtable.com/.attachments/0704685275ab400a55df7d4d0fdac4d2/34932cb0/QmUaFe14JgAbwqCzkvXnF7Hh45U441GiPTgBd3xgHbjLBC),#F9BE9D,Spades,8.33,8.33,1.00,RC-8.33_RS-8.33_RT-1,"RC:8.33,RS:8.33,RT:1","tts_ButterUdders-Spades-73_{RC:8.33,RS:8.33,RT:1}",tts_ButterUdders-Spades-73_
72,#9bd3f9,BooBerries,t_65.svg (https://v5.airtableusercontent.com/v1/15/15/1680681600000/ltGAEf0_C6Y2TbCe_gvXWQ/1Wrip9H4Zjt2SJH94Sx22g2omcJ_iGPPAfaijxZ4IB3FKZqxySZ1G1NfCCWvHy2YkwvdPLVLBWIRfIniBdih0g/riiuc4GjLjVAcBEA5NqYsyACMfvm5iceoYjj5l2ec40),QmXRtjtcHHedBCutzLYcf8fU6LmSByTmUDEZf1buqKtpeN (https://dl.airtable.com/.attachments/a3ddc3d4f4bb4608b31720ddcb5277a6/8d073130/QmXRtjtcHHedBCutzLYcf8fU6LmSByTmUDEZf1buqKtpeN),#30B4E2,Trooper,6.94,7.64,1.10,RC-7.64_RS-6.94_RT-1.1,"RC:7.64,RS:6.94,RT:1.1","tts_BooBerries-Trooper-72_{RC:7.64,RS:6.94,RT:1.1}",tts_BooBerries-Trooper-72_
71,#FCDACA,ButterUdders,t_35.svg (https://v5.airtableusercontent.com/v1/15/15/1680681600000/g_Fz95c0Cl0Ol4ejmyYnBg/QBJuIpTgPP5LNWuCKiUBT1Ju9_9smUBmjXrof0enb2PnBUxWbuhRLEfNHgU15xG7g8r-BuzUDJaremc4WvfcYw/kmmGi-dk_IjvCzr15uzhQcSQii9B0HhVj9avDrUGdy0),QmUaFe14JgAbwqCzkvXnF7Hh45U441GiPTgBd3xgHbjLBC (https://dl.airtable.com/.attachments/0704685275ab400a55df7d4d0fdac4d2/34932cb0/QmUaFe14JgAbwqCzkvXnF7Hh45U441GiPTgBd3xgHbjLBC),#F9BE9D,Hoots,8.33,8.33,1.00,RC-8.33_RS-8.33_RT-1,"RC:8.33,RS:8.33,RT:1","tts_ButterUdders-Hoots-71_{RC:8.33,RS:8.33,RT:1}",tts_ButterUdders-Hoots-71_
70,#f9b4e4,WaterMelons,t_115.svg (https://v5.airtableusercontent.com/v1/15/15/1680681600000/A5gMrW_xHv-84fogBomcXw/vTomPbhPUz1IINWgHPFMOr9QUzMyUXfmNZamJO8trZTa4Ej9Z_L4juOnFVlcVFA3plbuuI29EVUUzsDRcc2pSzRdcwR9KL6h6-Q9OGBXvHc/_p0pPZdXs8vHbQlsvRr9qjFmrLYVyNLZgfszeilfsKI),QmS3rDGmq2oqNpLqP9jgNX1kknK9Ao38X3FL7mpzjRnQsQ (https://dl.airtable.com/.attachments/89beccaec9c3a9150c7f1a01f8e45806/1e3015ec/QmS3rDGmq2oqNpLqP9jgNX1kknK9Ao38X3FL7mpzjRnQsQ),#EF6EAA,Vintties,7.64,7.64,1.00,RC-7.64_RS-7.64_RT-1,"RC:7.64,RS:7.64,RT:1","tts_WaterMelons-Vintties-70_{RC:7.64,RS:7.64,RT:1}",tts_WaterMelons-Vintties-70_
69,#ffe1b6,TataColadas,t_71.svg (https://v5.airtableusercontent.com/v1/15/15/1680681600000/3nGV6_ShaBDpUkyRBTl2pQ/d-_Rc5YMmq_OTRv8Ej1gk6gtVvR18MuQg77jYWNj1ymvxBzAzuIObgifphlWKCpspahp77WNki_I5YXt-MnpXw/NhhDoU-5iCx0mIceCB1g5G0AaM5lBDTZbAAvg1IoOwU),Qmb1ZKoLFtBkyMHzP8Hx5To7pSiBww2K6oxNmLmyBjra4m (https://dl.airtable.com/.attachments/d3ec99a7946dd75cda147557d3e4c343/9a024460/Qmb1ZKoLFtBkyMHzP8Hx5To7pSiBww2K6oxNmLmyBjra4m),#F9C87A,Vintties,7.64,7.64,1.00,RC-7.64_RS-7.64_RT-1,"RC:7.64,RS:7.64,RT:1","tts_TataColadas-Vintties-69_{RC:7.64,RS:7.64,RT:1}",tts_TataColadas-Vintties-69_
68,#f9b4e4,WaterMelons,t_114.svg (https://v5.airtableusercontent.com/v1/15/15/1680681600000/T6KirfBh6BaT1LfYUc35Gg/TUbomDWhV3wwin93w9ixMqM6F1pn2Ymi5AQ86Dgp327lKrhrMYfEJPGpVg1tf6WXo3riUJ7LsW3H_dJNJaZ-PUpQLFHXrwlKkaErhS76OK4/_Vmfa9p49xqdK4WqLF_cQpAIiLIjA8OxHg93vZIEAO0),QmS3rDGmq2oqNpLqP9jgNX1kknK9Ao38X3FL7mpzjRnQsQ (https://dl.airtable.com/.attachments/89beccaec9c3a9150c7f1a01f8e45806/1e3015ec/QmS3rDGmq2oqNpLqP9jgNX1kknK9Ao38X3FL7mpzjRnQsQ),#EF6EAA,HolyMels,8.33,7.64,0.92,RC-7.64_RS-8.33_RT-0.92,"RC:7.64,RS:8.33,RT:0.92","tts_WaterMelons-HolyMels-68_{RC:7.64,RS:8.33,RT:0.92}",tts_WaterMelons-HolyMels-68_
67,#f4d4fc,StarBust,t_18.svg (https://v5.airtableusercontent.com/v1/15/15/1680681600000/O2m8l582E4t2ll-qXwNniA/sUWzrByo-rK2lC0SXJu8Sk1f9pIrTPrhSMjXuk4aLouBM2c6PO6JBG5qOB910VYBC1lM6-wd8idwx4AnBZm16g/09abS91WdlzsQAwBunKsWXXKvCyg1gv07PzATIFIWHc),QmTPdpM75RhKchiBFacMyS2KdgAHQKzdvFCmZuXzax2qp7 (https://dl.airtable.com/.attachments/e76e553cca6e27005ffee1798ce70051/62e13224/QmTPdpM75RhKchiBFacMyS2KdgAHQKzdvFCmZuXzax2qp7),#F3A4FF,Oh Buoys,8.33,8.33,1.00,RC-8.33_RS-8.33_RT-1,"RC:8.33,RS:8.33,RT:1","tts_StarBust-Oh Buoys-67_{RC:8.33,RS:8.33,RT:1}",tts_StarBust-Oh Buoys-67_
66,#cdbef7,PurpleHush,t_50.svg (https://v5.airtableusercontent.com/v1/15/15/1680681600000/nr0gSDwjsH73FOm1FGE7Lg/NZm1e3Qoa4ztpLYlAq3WG67jmQUpCfU1z9NpU5SuKiAuDucOmukaYJfR6aK9RCjjkU4YketomYexdOCtvG5dmw/bdVjgkbd1p2Jxm6BqhQ3roARVWt8Jjb4VaxBx4i9AaQ),Qmf4kCwPg6St6mzsjPtfZmvAgfz4EdeBDwR85Gsb2zqhHL (https://dl.airtable.com/.attachments/9460015687eea7fe5fcbeb2596be435a/74d64864/Qmf4kCwPg6St6mzsjPtfZmvAgfz4EdeBDwR85Gsb2zqhHL),#5F4B8B,Perkies,10.42,6.94,0.67,RC-6.94_RS-10.42_RT-0.67,"RC:6.94,RS:10.42,RT:0.67","tts_PurpleHush-Perkies-66_{RC:6.94,RS:10.42,RT:0.67}",tts_PurpleHush-Perkies-66_
65,#ff9a9f,CherryBosoms,t_137.svg (https://v5.airtableusercontent.com/v1/15/15/1680681600000/lX_Q-sOtxgXbNxsbjfBFbg/yzQwxh0I8PzxnTKgIfn6qKG01SWFm4xEhoG5ZQQEzEnPG-G-q90J9bHXNvQnTXhEcczbDsyjLyZV5Pl7TDwB-KscuGZoZirAP8W7u2QHJ8o/7KslbkDDet02js5x6XWBSWECrXS54jIVssCawzg-XlQ),Qmb39mH5yMiQ7FzjYsLroiTpzNybhqERSUXk9kCwDsi63c (https://dl.airtable.com/.attachments/2778796d9f23ca2d6b20c2563674842b/acbdfb0b/Qmb39mH5yMiQ7FzjYsLroiTpzNybhqERSUXk9kCwDsi63c),#891946,Shaggies,6.94,6.25,0.90,RC-6.25_RS-6.94_RT-0.9,"RC:6.25,RS:6.94,RT:0.9","tts_CherryBosoms-Shaggies-65_{RC:6.25,RS:6.94,RT:0.9}",tts_CherryBosoms-Shaggies-65_
64,#70e2b4,RackBerries,t_76.svg (https://v5.airtableusercontent.com/v1/15/15/1680681600000/yvc4HyG1RAZhQWKvGOUsjw/OKoELI-VXUoTMGg9Pu_baynQEdhzUDgmdr-qDbIELMf2AoZ1FBDoy8oYf-pDOW_HxENj8HEzqT10RBeMbVvFnA/4XkAANhUKoL1fJqG0GdNgN_m5u8sbMiHPFGKMQ7qDJo),QmVvHy6eSJNGLfDJgBwkGieS51NRR4oz7GgC96M8kN8a4a (https://dl.airtable.com/.attachments/54cdf7b98714a94eb881aee41a818fab/af2fa9d0/QmVvHy6eSJNGLfDJgBwkGieS51NRR4oz7GgC96M8kN8a4a),#385978,Shaggies,6.94,2.78,0.40,RC-2.78_RS-6.94_RT-0.4,"RC:2.78,RS:6.94,RT:0.4","tts_RackBerries-Shaggies-64_{RC:2.78,RS:6.94,RT:0.4}",tts_RackBerries-Shaggies-64_
63,#e2dd40,LimeJellies,t_8.svg (https://v5.airtableusercontent.com/v1/15/15/1680681600000/tY5OqHiJUdQl6rwF3_stRw/7LNkiJXeaC3ax7M_pdmy8tvFMuqw0YXpoPYmtk_nhEXIt8ZPESlHRdf5TrDgvYF5lKmcFqXqPFdSbzBzaQZplQ/AuhlWwdbLWOMFi62sQCJ-yulDx9qFIb0mkLOecf5LRk),QmZg9FrZpQzxb5tkmqPnGs9HGmZ45otZ8xZBihpUo6tJM4 (https://dl.airtable.com/.attachments/8cdb277f03cb0866c1899b4dc27d0475/0af368ef/QmZg9FrZpQzxb5tkmqPnGs9HGmZ45otZ8xZBihpUo6tJM4),#377813,Artemis,12.50,1.39,0.11,RC-1.39_RS-12.5_RT-0.11,"RC:1.39,RS:12.5,RT:0.11","tts_LimeJellies-Artemis-63_{RC:1.39,RS:12.5,RT:0.11}",tts_LimeJellies-Artemis-63_
62,#70e2b4,RackBerries,t_66.svg (https://v5.airtableusercontent.com/v1/15/15/1680681600000/cOyiSpMB8pySCdSj5-Fh8w/Pn1Dui0FDNcszDIi2EP_JmMuBLj2sxYL9IUx_XB-ws5hSoe7wRQh-NuM9VuhCmThkUPYlFxr-cvK-q13enJ2MQ/_vOSHqPj_zW2Xh_lwtcSM_gWpoyo69RPF2jUPJsiuzI),QmVvHy6eSJNGLfDJgBwkGieS51NRR4oz7GgC96M8kN8a4a (https://dl.airtable.com/.attachments/54cdf7b98714a94eb881aee41a818fab/af2fa9d0/QmVvHy6eSJNGLfDJgBwkGieS51NRR4oz7GgC96M8kN8a4a),#385978,Perkies,10.42,2.78,0.27,RC-2.78_RS-10.42_RT-0.27,"RC:2.78,RS:10.42,RT:0.27","tts_RackBerries-Perkies-62_{RC:2.78,RS:10.42,RT:0.27}",tts_RackBerries-Perkies-62_
61,#70e2b4,RackBerries,t_143.svg (https://v5.airtableusercontent.com/v1/15/15/1680681600000/3kMWc-Lvq5QJImWf2kqwSg/nkJjFASx0mpVzn1sFVh6eaizA7zAARnIISeQsiMZjxAKkFGVl9vktlzR30HmJxneFqQo9IoQqfIN3wsqpkk-6W26jkFLlDgTHV4IiOAqOm8/2qHiMUHP1nShQjkO6a98tp5FEtjeGpjvEQFFZEcFQCc),QmVvHy6eSJNGLfDJgBwkGieS51NRR4oz7GgC96M8kN8a4a (https://dl.airtable.com/.attachments/54cdf7b98714a94eb881aee41a818fab/af2fa9d0/QmVvHy6eSJNGLfDJgBwkGieS51NRR4oz7GgC96M8kN8a4a),#385978,Artemis,12.50,2.78,0.22,RC-2.78_RS-12.5_RT-0.22,"RC:2.78,RS:12.5,RT:0.22","tts_RackBerries-Artemis-61_{RC:2.78,RS:12.5,RT:0.22}",tts_RackBerries-Artemis-61_
60,#e6bbb4,ChocoLattes,t_81.svg (https://v5.airtableusercontent.com/v1/15/15/1680681600000/TCszi_vOhWUr5Na50HLmpQ/MmiPgN4w5GK59vR8hgJNK4NfLmI7R_fjJcvB8P7oEThXJujH8HwXFCNaa26FjVmg9kuKqnEH21ULkQUDMbTlLw/brSlX1iSaldj6mJYeklEjKZON_ZIQ7omo6INNz0zMHM),QmVkHK9tHG8u3TYH5u163jVmA7WEbp11cLmkKTzpujzwTR (https://dl.airtable.com/.attachments/dfa4793867cb4ea644ca76eb9165d9d1/c01cb0c8/QmVkHK9tHG8u3TYH5u163jVmA7WEbp11cLmkKTzpujzwTR),#874D3C,Trooper,6.94,6.94,1.00,RC-6.94_RS-6.94_RT-1,"RC:6.94,RS:6.94,RT:1","tts_ChocoLattes-Trooper-60_{RC:6.94,RS:6.94,RT:1}",tts_ChocoLattes-Trooper-60_
59,#c12eb7,BrasBerries,t_54.svg (https://v5.airtableusercontent.com/v1/15/15/1680681600000/zbISBdI3Fz1u9hd8AqrbAw/vj_YLjbP36N7ejJMSfcxeP3x4Vm1lNEbK41AyZMPsZ8sv5YK0Sjauq0p9znVm-9Bz4j5JMD_gZ6J04tob5iedg/vZeGujW6txJxX28q1Hfpof6fpxhrOTmSKZnj-Lqswpw),Qmbb7achkkwTDUy175g3bHYjYKBDmLuibzqPUZQwFQjzS2 (https://dl.airtable.com/.attachments/6dc098db6ccd547eec5c5973936022da/a7b54a00/Qmbb7achkkwTDUy175g3bHYjYKBDmLuibzqPUZQwFQjzS2),#871362,Perkies,10.42,1.39,0.13,RC-1.39_RS-10.42_RT-0.13,"RC:1.39,RS:10.42,RT:0.13","tts_BrasBerries-Perkies-59_{RC:1.39,RS:10.42,RT:0.13}",tts_BrasBerries-Perkies-59_
58,#c12eb7,BrasBerries,t_141.svg (https://v5.airtableusercontent.com/v1/15/15/1680681600000/eZDJje52wKiTpAVh7YQReg/ubaq6LPVfzZ-Cf60jTHDopzg8bWaW67Ulcpc3CnWUdjwjfio-U-LBY3uUXWbiHjN1_6HOsk3x745oGtxNEhnrtQocUwdqlOl4kU8dvzdDko/hO8VeONk8bVlGfTf7rfgwIxBfeqc01yXj5VLHG7sKf0),Qmbb7achkkwTDUy175g3bHYjYKBDmLuibzqPUZQwFQjzS2 (https://dl.airtable.com/.attachments/6dc098db6ccd547eec5c5973936022da/a7b54a00/Qmbb7achkkwTDUy175g3bHYjYKBDmLuibzqPUZQwFQjzS2),#871362,Artemis,12.50,1.39,0.11,RC-1.39_RS-12.5_RT-0.11,"RC:1.39,RS:12.5,RT:0.11","tts_BrasBerries-Artemis-58_{RC:1.39,RS:12.5,RT:0.11}",tts_BrasBerries-Artemis-58_
57,#9b7bc1,PassionFronts,t_121.svg (https://v5.airtableusercontent.com/v1/15/15/1680681600000/7uF_jpom3K42JB80d-mfnw/SsVnso9Ke2o4casWCeuUwdp4CCK9q2fBIlXSpTFPsM1IQdPR2fcdT_G7rPvWUnLBakJCXx1OCkt0Y0g30kmQJMiFLdCCP2UxzgIIjmT2HkA/pRD8bcLNr5lOIlaPmy1Q_wg3-0JmMj661_MBz_6jtcU),57.png (https://dl.airtable.com/.attachments/2a8961c29a1f10da80b31c8717c7c446/7589ccb0/57.png),#632F87,Artemis,12.50,0.69,0.06,RC-0.69_RS-12.5_RT-0.06,"RC:0.69,RS:12.5,RT:0.06","tts_PassionFronts-Artemis-57_{RC:0.69,RS:12.5,RT:0.06}",tts_PassionFronts-Artemis-57_
56,#e2dd40,LimeJellies,t_55.svg (https://v5.airtableusercontent.com/v1/15/15/1680681600000/trs-gDH_kAyvUYoiEWZ5ng/WZLLrqWkfI2EiXfYtZO6zgdn3ksZIP1IHv4QUQCc039906GPbL2jWXMlB1JXkwZtbvvgmNNHTJNL-prLTOOECw/IZhtN3EEI5STnpDxAbAzlVAdgKdQ_Z4Gw4qCIfMpHj4),QmZg9FrZpQzxb5tkmqPnGs9HGmZ45otZ8xZBihpUo6tJM4 (https://dl.airtable.com/.attachments/8cdb277f03cb0866c1899b4dc27d0475/0af368ef/QmZg9FrZpQzxb5tkmqPnGs9HGmZ45otZ8xZBihpUo6tJM4),#377813,Perkies,10.42,1.39,0.13,RC-1.39_RS-10.42_RT-0.13,"RC:1.39,RS:10.42,RT:0.13","tts_LimeJellies-Perkies-56_{RC:1.39,RS:10.42,RT:0.13}",tts_LimeJellies-Perkies-56_
55,#70e2b4,RackBerries,t_103.svg (https://v5.airtableusercontent.com/v1/15/15/1680681600000/dq7cXJ7BTuw7qbciBGQfUQ/AJgiQ2GRQB40hQTeYTOnH6gFyQZdTouB3bSoCcEyAWsxmuhL6BNCUpjYtQA65VpcNZVi4ml1ZyOJK_qWLNt9Q1B6XTaeqJZtVPUVOEdKNjE/FWDYLpLeVpDfbi19M2v9owLUfWw77RPaT7iPyaPJv28),QmVvHy6eSJNGLfDJgBwkGieS51NRR4oz7GgC96M8kN8a4a (https://dl.airtable.com/.attachments/54cdf7b98714a94eb881aee41a818fab/af2fa9d0/QmVvHy6eSJNGLfDJgBwkGieS51NRR4oz7GgC96M8kN8a4a),#385978,Buffies,6.25,2.78,0.44,RC-2.78_RS-6.25_RT-0.44,"RC:2.78,RS:6.25,RT:0.44","tts_RackBerries-Buffies-55_{RC:2.78,RS:6.25,RT:0.44}",tts_RackBerries-Buffies-55_
54,#ff9a9f,CherryBosoms,t_139.svg (https://v5.airtableusercontent.com/v1/15/15/1680681600000/z2aRODf1lBCZofdE3pBQFg/gSFX9AoyjKKe5UlDAAlaSQXZu_UepPZ7bF5Y0J1baiHfMoxLjDYDF5qkXecsF7KMHKDEvqUDmPg3H3zsM4WQDDllWD9rEQjJEYhQhlyJhFE/Cp12MB9T2nCPoWZ3GVmdKimoE20e3y6PbrzoIMgADfY),Qmb39mH5yMiQ7FzjYsLroiTpzNybhqERSUXk9kCwDsi63c (https://dl.airtable.com/.attachments/2778796d9f23ca2d6b20c2563674842b/acbdfb0b/Qmb39mH5yMiQ7FzjYsLroiTpzNybhqERSUXk9kCwDsi63c),#891946,Perkies,10.42,6.25,0.60,RC-6.25_RS-10.42_RT-0.6,"RC:6.25,RS:10.42,RT:0.6","tts_CherryBosoms-Perkies-54_{RC:6.25,RS:10.42,RT:0.6}",tts_CherryBosoms-Perkies-54_
53,#56c195,GreenFairies,t_99.svg (https://v5.airtableusercontent.com/v1/15/15/1680681600000/QdzNFuczLLkJ0Kbu2vlh6A/79IzPgrQe2BOifQ25zdqwqY1nWvpKFX2tDFdbRODHWSvd-L75hbBDl1SwzyJUdhTONHqi6zPzOKQINCNls51ww/jsITFbwV5XbR7urZyNhA-EQXWzmM_o1vs4cyxhn49NY),QmeY3FGxjbWdbFRRtKSRwfhNmBCfpDwb32sZKwWqaZf3sx (https://dl.airtable.com/.attachments/2da6e32400c1ceb09482f804b01acdfc/2eefa189/QmeY3FGxjbWdbFRRtKSRwfhNmBCfpDwb32sZKwWqaZf3sx),#1E8774,Artemis,12.50,0.69,0.06,RC-0.69_RS-12.5_RT-0.06,"RC:0.69,RS:12.5,RT:0.06","tts_GreenFairies-Artemis-53_{RC:0.69,RS:12.5,RT:0.06}",tts_GreenFairies-Artemis-53_
52,#FCDACA,ButterUdders,t_44.svg (https://v5.airtableusercontent.com/v1/15/15/1680681600000/rtenkEoxr2_JcMath3XY2w/FX17C1VxZaE-OZptw6SImXaM8OjlV8o06zcoZtV7hmBefQipOw8WYWVZbAZotbV9_xRhX-QkN8BJZQcIDiklag/qWpcdqh6zk_pUvduEFsY6g3nlxp-71edL3drOEXtJ8w),QmUaFe14JgAbwqCzkvXnF7Hh45U441GiPTgBd3xgHbjLBC (https://dl.airtable.com/.attachments/0704685275ab400a55df7d4d0fdac4d2/34932cb0/QmUaFe14JgAbwqCzkvXnF7Hh45U441GiPTgBd3xgHbjLBC),#F9BE9D,Buffies,6.25,8.33,1.33,RC-8.33_RS-6.25_RT-1.33,"RC:8.33,RS:6.25,RT:1.33","tts_ButterUdders-Buffies-52_{RC:8.33,RS:6.25,RT:1.33}",tts_ButterUdders-Buffies-52_
51,#e6bbb4,ChocoLattes,t_84.svg (https://v5.airtableusercontent.com/v1/15/15/1680681600000/sZGOMoBJIGUB7P5-_K-98w/8pMfjSg99gdFpXQyMvNs0QmFkNdToFH97oR97ZPltSallCUHjLSguAghWtKJVvha1SfZpq7Hlw0-CUGI73xv7g/iUD__uEzXQHndKn5dgenNV6fODWpwPvsR0K2Wz1xjZY),QmVkHK9tHG8u3TYH5u163jVmA7WEbp11cLmkKTzpujzwTR (https://dl.airtable.com/.attachments/dfa4793867cb4ea644ca76eb9165d9d1/c01cb0c8/QmVkHK9tHG8u3TYH5u163jVmA7WEbp11cLmkKTzpujzwTR),#874D3C,Perkies,10.42,6.94,0.67,RC-6.94_RS-10.42_RT-0.67,"RC:6.94,RS:10.42,RT:0.67","tts_ChocoLattes-Perkies-51_{RC:6.94,RS:10.42,RT:0.67}",tts_ChocoLattes-Perkies-51_
50,#8ac17b,GreenTeatea,t_83.svg (https://v5.airtableusercontent.com/v1/15/15/1680681600000/mbHD-UrGjew_bY313vVibw/f5qfhHBYv2ILwWsP4n02UcKXXKePcWIio7JHz-ZRHlf6wUkDRDSdFlJCVWHuMUrkzohDnhQ4EtCOUtIsSZJaFA/hCugvnwm9mVnd-uvh7iZqp4S885ybkn07_rj4cVHPck),QmZyiLXxYbNWAABiZvbe4sS4rupYjMdMQ52QbMuZyYJxEA (https://dl.airtable.com/.attachments/483ef20e4152989ac95a73ec4afde097/fde7b2df/QmZyiLXxYbNWAABiZvbe4sS4rupYjMdMQ52QbMuZyYJxEA),#31872F,Artemis,12.50,1.39,0.11,RC-1.39_RS-12.5_RT-0.11,"RC:1.39,RS:12.5,RT:0.11","tts_GreenTeatea-Artemis-50_{RC:1.39,RS:12.5,RT:0.11}",tts_GreenTeatea-Artemis-50_
49,#f9b4e4,WaterMelons,t_122.svg (https://v5.airtableusercontent.com/v1/15/15/1680681600000/kky15f1LQYb2cty3rOAMIA/d5XKnxMIjS4-k3KP93dyHIXrsw84ztSU6K44efDVycKCD0aaWMMCyEH9isNvlFzZe4TMnVZJ7Zbdgf7fqU4AhPI1DimQOwuu6S_G5ciYqWw/7VB-IYvx1TISZo5drtT14x9leLAtd_sjxrQ6b8iKonA),QmS3rDGmq2oqNpLqP9jgNX1kknK9Ao38X3FL7mpzjRnQsQ (https://dl.airtable.com/.attachments/89beccaec9c3a9150c7f1a01f8e45806/1e3015ec/QmS3rDGmq2oqNpLqP9jgNX1kknK9Ao38X3FL7mpzjRnQsQ),#EF6EAA,Artemis,12.50,7.64,0.61,RC-7.64_RS-12.5_RT-0.61,"RC:7.64,RS:12.5,RT:0.61","tts_WaterMelons-Artemis-49_{RC:7.64,RS:12.5,RT:0.61}",tts_WaterMelons-Artemis-49_
48,#FCDACA,ButterUdders,t_45.svg (https://v5.airtableusercontent.com/v1/15/15/1680681600000/12ZFfMNhaN2JH69aJFNGqQ/g7dcoTii5S-fiHSjG-xOvV0XRssvLnOLY5PgBcfeSOKpQwDTRLQQTVb8O1xKQ5yE4Lu5RtSSmOBJ5xkuqpdXSg/r-yNfxqNUIPDdu8WCvmYMpJD0fq8XHFX2zxlHjW2X4c),QmUaFe14JgAbwqCzkvXnF7Hh45U441GiPTgBd3xgHbjLBC (https://dl.airtable.com/.attachments/0704685275ab400a55df7d4d0fdac4d2/34932cb0/QmUaFe14JgAbwqCzkvXnF7Hh45U441GiPTgBd3xgHbjLBC),#F9BE9D,Artemis,12.50,8.33,0.67,RC-8.33_RS-12.5_RT-0.67,"RC:8.33,RS:12.5,RT:0.67","tts_ButterUdders-Artemis-48_{RC:8.33,RS:12.5,RT:0.67}",tts_ButterUdders-Artemis-48_
47,#e6bbb4,ChocoLattes,t_79.svg (https://v5.airtableusercontent.com/v1/15/15/1680681600000/TdcVFpEFitmQlnaQuS0pDA/TEG9MRho6d8dS6bAbcOPrYydQeDKwzpbPw8lhBF1WI-Gb5kj2lkrTO-XmZIUKrQtultBWTqqmlJaDusFvlCwFg/ma1xWwcP3SZasIOOvZxDMVk0ESB5WxwfICxfCjFxQQ8),QmVkHK9tHG8u3TYH5u163jVmA7WEbp11cLmkKTzpujzwTR (https://dl.airtable.com/.attachments/dfa4793867cb4ea644ca76eb9165d9d1/c01cb0c8/QmVkHK9tHG8u3TYH5u163jVmA7WEbp11cLmkKTzpujzwTR),#874D3C,Artemis,12.50,6.94,0.56,RC-6.94_RS-12.5_RT-0.56,"RC:6.94,RS:12.5,RT:0.56","tts_ChocoLattes-Artemis-47_{RC:6.94,RS:12.5,RT:0.56}",tts_ChocoLattes-Artemis-47_
46,#8ac17b,GreenTeatea,t_104.svg (https://v5.airtableusercontent.com/v1/15/15/1680681600000/kacRidGovVBpaMWgD6olbw/XpX_Yg2EBqG1Am41oZbdnWm1vo4Mydv0LlO7dtc2reppDOOTDIxenw1_v8bE5lQ3rCfQNlG3GS9GUCKq8Yi5I04UsjWXQe6o8h-1GwV3Tsg/muFWgqngS_O9ydIDXVxNF6fZjmZjKFuRJNkQJI5bUjQ),QmZyiLXxYbNWAABiZvbe4sS4rupYjMdMQ52QbMuZyYJxEA (https://dl.airtable.com/.attachments/483ef20e4152989ac95a73ec4afde097/fde7b2df/QmZyiLXxYbNWAABiZvbe4sS4rupYjMdMQ52QbMuZyYJxEA),#31872F,Trooper,6.94,1.39,0.20,RC-1.39_RS-6.94_RT-0.2,"RC:1.39,RS:6.94,RT:0.2","tts_GreenTeatea-Trooper-46_{RC:1.39,RS:6.94,RT:0.2}",tts_GreenTeatea-Trooper-46_
45,#ebf2a7,PaPairmint,t_107.svg (https://v5.airtableusercontent.com/v1/15/15/1680681600000/svp-MU5tjBLLp0eVTvxkMQ/zxH58_SGVVwNVAa3RveSWjkMCUkGTone9QnOicEpkN3ZEor2RgnQLzFKDzCLzIg7adlgF48rqEpXiknJ2gr7_JEEsC4NBoMYjY-LOG3CwX8/AWbMGqwkDvV7Bp_OwbiiOEnp8780QAtTQKnnmqDBpDI),QmaG9JqF5XPEymHUzfkYnTy4QCdh336nd2WQNjuAMd6pop (https://dl.airtable.com/.attachments/6845bdc4060a72dce4505d217fd2d4fa/46c49df6/QmaG9JqF5XPEymHUzfkYnTy4QCdh336nd2WQNjuAMd6pop),#BFD65B,TotalRecalls,8.33,6.94,0.83,RC-6.94_RS-8.33_RT-0.83,"RC:6.94,RS:8.33,RT:0.83","tts_PaPairmint-TotalRecalls-45_{RC:6.94,RS:8.33,RT:0.83}",tts_PaPairmint-TotalRecalls-45_
44,#f9b4e4,WaterMelons,t_113.svg (https://v5.airtableusercontent.com/v1/15/15/1680681600000/fnrgyeIAHUrXvmdaaspj1g/rt7M4ESM5Ritor4sNPDfzgnEJRPRh_6-DAIXtmFwzB3RQUdMaY6a2C_zKNwN2pYWm0o3GFtjaV47s1v7QxLYTZiHrw8fIyXs72iQYfdKeC8/Oy8Me_LpKpOapc5ROyg48V5t9xcJoaKYS_Cit7LDhpo),QmS3rDGmq2oqNpLqP9jgNX1kknK9Ao38X3FL7mpzjRnQsQ (https://dl.airtable.com/.attachments/89beccaec9c3a9150c7f1a01f8e45806/1e3015ec/QmS3rDGmq2oqNpLqP9jgNX1kknK9Ao38X3FL7mpzjRnQsQ),#EF6EAA,Hypnotits,7.64,7.64,1.00,RC-7.64_RS-7.64_RT-1,"RC:7.64,RS:7.64,RT:1","tts_WaterMelons-Hypnotits-44_{RC:7.64,RS:7.64,RT:1}",tts_WaterMelons-Hypnotits-44_
43,#f9b4e4,WaterMelons,t_117.svg (https://v5.airtableusercontent.com/v1/15/15/1680681600000/j9hAdrF3e1c7v2L2BdrF8Q/XEiibP9nB8ydfS-mGKiA6L5VXThrePClaD8o2Xvqj7AqNnRHcjhl6pWEuzunPSPXsuj1tLL-dHvwI2xt8aic6zAT3WWlSg4jgMCf6OnEgBA/-p17PVyPrDttJ58YPhAnPRaHogy0i-xAENMOgLVPMng),QmS3rDGmq2oqNpLqP9jgNX1kknK9Ao38X3FL7mpzjRnQsQ (https://dl.airtable.com/.attachments/89beccaec9c3a9150c7f1a01f8e45806/1e3015ec/QmS3rDGmq2oqNpLqP9jgNX1kknK9Ao38X3FL7mpzjRnQsQ),#EF6EAA,Perkies,10.42,7.64,0.73,RC-7.64_RS-10.42_RT-0.73,"RC:7.64,RS:10.42,RT:0.73","tts_WaterMelons-Perkies-43_{RC:7.64,RS:10.42,RT:0.73}",tts_WaterMelons-Perkies-43_
42,#eacece,CocoNaugthy,t_32.svg (https://v5.airtableusercontent.com/v1/15/15/1680681600000/Ot16X7nPtfDqnn6LU1kHFg/eL6BQvOvHgdbDJHQoXiF-XQ2kBWk38IUrP3vacIKHFGoMOsbwzQpG8psUMe9_oealdDdplAZeEzM_79jnrD8Xg/7PNGoxhLxlS_C60bhQt0VHNsFNSS-SKxirMFPvT1j0w),QmSfZtwMCQ1nF2xt8vM3FDJudgw6uNwR6fdkuAn6hQ5cKS (https://dl.airtable.com/.attachments/ba3095af1bb3382da6d8d18c31c7483a/a51854b3/QmSfZtwMCQ1nF2xt8vM3FDJudgw6uNwR6fdkuAn6hQ5cKS),#D6AAAA,Vintties,7.64,8.33,1.09,RC-8.33_RS-7.64_RT-1.09,"RC:8.33,RS:7.64,RT:1.09","tts_CocoNaugthy-Vintties-42_{RC:8.33,RS:7.64,RT:1.09}",tts_CocoNaugthy-Vintties-42_
41,#ffd8bd,PeCans,t_92.svg (https://v5.airtableusercontent.com/v1/15/15/1680681600000/XAYo4L_zQrxiciqdhk7n8w/AF1hTqhooIa83-tEHLBpzpyg9bk5N38XJvcB36dDHbWwBnXh7RKS--UjyF5p__7FNo3d7IWpTcct6uijHpwazg/ZBQIW6s6aZuf_vzaN5CiCn4oBnClXgnlDpq6S4VmIp4),QmQ8LZK6kYaw3dSdn8HUBBWieYwgKax1j1PAjcW72J8Z9B (https://dl.airtable.com/.attachments/648e65cf5b832a946ef16fb62b1ceecd/8f81d9c0/QmQ8LZK6kYaw3dSdn8HUBBWieYwgKax1j1PAjcW72J8Z9B),#b7896a,HolyMels,8.33,6.94,0.83,RC-6.94_RS-8.33_RT-0.83,"RC:6.94,RS:8.33,RT:0.83","tts_PeCans-HolyMels-41_{RC:6.94,RS:8.33,RT:0.83}",tts_PeCans-HolyMels-41_
40,#f9b4e4,WaterMelons,t_119.svg (https://v5.airtableusercontent.com/v1/15/15/1680681600000/rqsXbb17pIG2fVD3_hJsAg/u6YTSEb4MFc1yZqL_FjaqKXD1zg97Dsuh-LpQWCjh5kZlH4av2tKLzmw5nR69FRYPn66M29FRIsDZIOeRAmRNnFkHQRgvrW2JPc22Nf0LAU/2mkNeQvH5aH3XJBlVnO1PR14GnSssuj1mQ5wGFT4POs),QmS3rDGmq2oqNpLqP9jgNX1kknK9Ao38X3FL7mpzjRnQsQ (https://dl.airtable.com/.attachments/89beccaec9c3a9150c7f1a01f8e45806/1e3015ec/QmS3rDGmq2oqNpLqP9jgNX1kknK9Ao38X3FL7mpzjRnQsQ),#EF6EAA,Shaggies,6.94,7.64,1.10,RC-7.64_RS-6.94_RT-1.1,"RC:7.64,RS:6.94,RT:1.1","tts_WaterMelons-Shaggies-40_{RC:7.64,RS:6.94,RT:1.1}",tts_WaterMelons-Shaggies-40_
39,#ebf2a7,PaPairmint,t_105.svg (https://v5.airtableusercontent.com/v1/15/15/1680681600000/0wuOTmv0SbCxfo42KqFBIA/ICV4pkn2UbWrt1ZXDPKFQX-TFSDaxGCBqH-8ssFRmV76uHRTQ2upaL7u80SBsXp5wXDBXPe6gN-dxEELzoZmJH9s_sPqycZo4nQrfp2Z3ZI/LqlyFW3r6XcoB8CQQL4cG1MztbNeZOiAIKNrQ-KIRNk),QmaG9JqF5XPEymHUzfkYnTy4QCdh336nd2WQNjuAMd6pop (https://dl.airtable.com/.attachments/6845bdc4060a72dce4505d217fd2d4fa/46c49df6/QmaG9JqF5XPEymHUzfkYnTy4QCdh336nd2WQNjuAMd6pop),#BFD65B,Oh Buoys,8.33,6.94,0.83,RC-6.94_RS-8.33_RT-0.83,"RC:6.94,RS:8.33,RT:0.83","tts_PaPairmint-Oh Buoys-39_{RC:6.94,RS:8.33,RT:0.83}",tts_PaPairmint-Oh Buoys-39_
38,#ffd8bd,PeCans,t_94.svg (https://v5.airtableusercontent.com/v1/15/15/1680681600000/67k_pTHIOkIyMCzErHKRcQ/c32sdEA6mDGzOd853lY_-TqRAm9wjrdvylqKMOtgA3TbwoRC3CoUVZSrPB-bm-dDp8AuxbUtXa2navIygFhaVg/ZmY6rMqyc40Yama_S4s8ln-kbtua8L4lu-PBdS5zM8o),QmQ8LZK6kYaw3dSdn8HUBBWieYwgKax1j1PAjcW72J8Z9B (https://dl.airtable.com/.attachments/648e65cf5b832a946ef16fb62b1ceecd/8f81d9c0/QmQ8LZK6kYaw3dSdn8HUBBWieYwgKax1j1PAjcW72J8Z9B),#b7896a,TotalRecalls,8.33,6.94,0.83,RC-6.94_RS-8.33_RT-0.83,"RC:6.94,RS:8.33,RT:0.83","tts_PeCans-TotalRecalls-38_{RC:6.94,RS:8.33,RT:0.83}",tts_PeCans-TotalRecalls-38_
37,#ffd8bd,PeCans,t_100.svg (https://v5.airtableusercontent.com/v1/15/15/1680681600000/Shm7aSvRPTMTu2E8hMSRyw/nMNJZcxzZ0FNXDF_GtGoSoriC5XldqSdfQzDxOpO49HPdKUpUEWfiHt-9IyAB_MTvvE2MiZV-UoM9XT3Sz9g6bLrilGBLKsmG4_eqflxfF0/6w9UsAUWHJjHoeek0M5o8gpJ8SjWjErrTumPB_ZfC6c),QmQ8LZK6kYaw3dSdn8HUBBWieYwgKax1j1PAjcW72J8Z9B (https://dl.airtable.com/.attachments/648e65cf5b832a946ef16fb62b1ceecd/8f81d9c0/QmQ8LZK6kYaw3dSdn8HUBBWieYwgKax1j1PAjcW72J8Z9B),#b7896a,Artemis,12.50,6.94,0.56,RC-6.94_RS-12.5_RT-0.56,"RC:6.94,RS:12.5,RT:0.56","tts_PeCans-Artemis-37_{RC:6.94,RS:12.5,RT:0.56}",tts_PeCans-Artemis-37_
36,#eacece,CocoNaugthy,t_33.svg (https://v5.airtableusercontent.com/v1/15/15/1680681600000/F-hkSUNu8_5sS2Ff_8s8EA/B-0XVe2WNLYsiUnmAzVpFl4VSRNdxH6QDqYvuH82LHbxzxqu8d_dSSBLgZ2YGdsMr9d_32xEks8ooCrpTGlf0Q/B4GuKy6qlQUxcZ2CbjGsuFU8e037gaNMk0C7ICOEhoo),QmSfZtwMCQ1nF2xt8vM3FDJudgw6uNwR6fdkuAn6hQ5cKS (https://dl.airtable.com/.attachments/ba3095af1bb3382da6d8d18c31c7483a/a51854b3/QmSfZtwMCQ1nF2xt8vM3FDJudgw6uNwR6fdkuAn6hQ5cKS),#D6AAAA,HolyMels,8.33,8.33,1.00,RC-8.33_RS-8.33_RT-1,"RC:8.33,RS:8.33,RT:1","tts_CocoNaugthy-HolyMels-36_{RC:8.33,RS:8.33,RT:1}",tts_CocoNaugthy-HolyMels-36_
35,#f9cdaf,CupCakes,t_131.svg (https://v5.airtableusercontent.com/v1/15/15/1680681600000/FPWfaNxQCxxU6TDVg6mzdA/6CgWtSaXsMbEwwviMxJWg9j_rSgEp9Jx_Eayr05vMp0IlTS7kbz7_S1-zgd8WrbTM_6TYlm5tbI2EcuKPcewHOcChm-BGB2CXBA_RZDLwFY/id_s3PbE6C3w2Cn5C7VkV-D7_BraDiShrx0X8PXHGZ4),QmZ3o3GukiJNgiLon4D84FjmepyGBtJ3Wc4c1Ed46iZoSL (https://dl.airtable.com/.attachments/b5efab95eb96c8e64079b7ac4af01eef/e6c17ccf/QmZ3o3GukiJNgiLon4D84FjmepyGBtJ3Wc4c1Ed46iZoSL),#E29764,Spades,8.33,8.33,1.00,RC-8.33_RS-8.33_RT-1,"RC:8.33,RS:8.33,RT:1","tts_CupCakes-Spades-35_{RC:8.33,RS:8.33,RT:1}",tts_CupCakes-Spades-35_
34,#ffe1b6,TataColadas,t_77.svg (https://v5.airtableusercontent.com/v1/15/15/1680681600000/tqQvMvyPsLVxZor1IuaQxg/2QR5kTmSnEI-DANrMiJYSQ9zWrQNsstnk6jA5LA57bFCnxd9mmWiCwCu4IvzSjIMY7aXtS4G5YXvPEvJcFHr4A/1ypnSerz4WhNgbamjuYZM0IjbiCjX9_O-tI5SLQzwPQ),Qmb1ZKoLFtBkyMHzP8Hx5To7pSiBww2K6oxNmLmyBjra4m (https://dl.airtable.com/.attachments/d3ec99a7946dd75cda147557d3e4c343/9a024460/Qmb1ZKoLFtBkyMHzP8Hx5To7pSiBww2K6oxNmLmyBjra4m),#F9C87A,Buffies,6.25,7.64,1.22,RC-7.64_RS-6.25_RT-1.22,"RC:7.64,RS:6.25,RT:1.22","tts_TataColadas-Buffies-34_{RC:7.64,RS:6.25,RT:1.22}",tts_TataColadas-Buffies-34_
33,#ebf2a7,PaPairmint,t_109.svg (https://v5.airtableusercontent.com/v1/15/15/1680681600000/2MTlVPBetHHzQY00MqOKoQ/gAYv-xx6GIWNO64XPp_EEE48QnByDS1hAYutfboZ7y6IL-DAjx5c8Cjq6E_eCUQbunx-mwHva0i4FxQzW9GnaTM3onrGDsOMREyZbhznf8A/FhbmSCIU1_EC-_SGW3v5CrIfp-WZC4Vv0Rtz8qBRTdk),QmaG9JqF5XPEymHUzfkYnTy4QCdh336nd2WQNjuAMd6pop (https://dl.airtable.com/.attachments/6845bdc4060a72dce4505d217fd2d4fa/46c49df6/QmaG9JqF5XPEymHUzfkYnTy4QCdh336nd2WQNjuAMd6pop),#BFD65B,HolyMels,8.33,6.94,0.83,RC-6.94_RS-8.33_RT-0.83,"RC:6.94,RS:8.33,RT:0.83","tts_PaPairmint-HolyMels-33_{RC:6.94,RS:8.33,RT:0.83}",tts_PaPairmint-HolyMels-33_
32,#ffd8bd,PeCans,t_93.svg (https://v5.airtableusercontent.com/v1/15/15/1680681600000/okjazPezTBybBvcuWgpWsg/eIJsV1F05zhGMrMsxGXUCnyJi7It9zlPYvID-ea3_dBS9UHQzWjBcpQAwS_qKGFQK_vkUi3JzEWG7Q0qlhnLdw/ejVYNx6F-auc4AibjR6p9sI4vlbdvMbfOAYgqZ9mRaY),QmQ8LZK6kYaw3dSdn8HUBBWieYwgKax1j1PAjcW72J8Z9B (https://dl.airtable.com/.attachments/648e65cf5b832a946ef16fb62b1ceecd/8f81d9c0/QmQ8LZK6kYaw3dSdn8HUBBWieYwgKax1j1PAjcW72J8Z9B),#b7896a,Vintties,7.64,6.94,0.91,RC-6.94_RS-7.64_RT-0.91,"RC:6.94,RS:7.64,RT:0.91","tts_PeCans-Vintties-32_{RC:6.94,RS:7.64,RT:0.91}",tts_PeCans-Vintties-32_
31,#f9cdaf,CupCakes,t_129.svg (https://v5.airtableusercontent.com/v1/15/15/1680681600000/PT3D9YlOC5I7W0veV3NX5Q/zvUWluxsKi1osZ0VLD-MuTXhk9jkdU_Ss3gAC5RAjA_-xJAVwZG1Hq5kJEuWw4io3ucqP5NJLJkbs6QDDQQEoWNHN8T_xBvLZGLoc8UIMQA/K5eDdIvYDHzOET9FYIi8Dx5aDY8RXQwTT5a3aYGcjHM),QmZ3o3GukiJNgiLon4D84FjmepyGBtJ3Wc4c1Ed46iZoSL (https://dl.airtable.com/.attachments/b5efab95eb96c8e64079b7ac4af01eef/e6c17ccf/QmZ3o3GukiJNgiLon4D84FjmepyGBtJ3Wc4c1Ed46iZoSL),#E29764,Oh Buoys,8.33,8.33,1.00,RC-8.33_RS-8.33_RT-1,"RC:8.33,RS:8.33,RT:1","tts_CupCakes-Oh Buoys-31_{RC:8.33,RS:8.33,RT:1}",tts_CupCakes-Oh Buoys-31_
30,#ff9a9f,CherryBosoms,t_144.svg (https://v5.airtableusercontent.com/v1/15/15/1680681600000/FDrUBcy9Gp6J5_Q_bjo1ow/DQAPY7LjhpHTe00CTcQqsjvkz-FLchoHDOSpMODVRBv3_L89kcnqgHFhYlTHYtqpGPDOktk-tRw3AYeL7OGKaE7Ttxv-_LAkarkEcnhib0w/idA4jBkauiIEju-w-PziiIe5NT1QKOhAG2KYUcm7pFo),Qmb39mH5yMiQ7FzjYsLroiTpzNybhqERSUXk9kCwDsi63c (https://dl.airtable.com/.attachments/2778796d9f23ca2d6b20c2563674842b/acbdfb0b/Qmb39mH5yMiQ7FzjYsLroiTpzNybhqERSUXk9kCwDsi63c),#891946,Hoots,8.33,6.25,0.75,RC-6.25_RS-8.33_RT-0.75,"RC:6.25,RS:8.33,RT:0.75","tts_CherryBosoms-Hoots-30_{RC:6.25,RS:8.33,RT:0.75}",tts_CherryBosoms-Hoots-30_
29,#ff9a9f,CherryBosoms,t_134.svg (https://v5.airtableusercontent.com/v1/15/15/1680681600000/0kuPG4dUrbr82XU1Wf1rHA/byOzXEoWFJsE2HzpYD3T6qHOn0CnpaN2pf6G7th-ZjO1nD9JCn3kVcRs_0dpOEyh6kSxYFRpO4IiQQG_dfTLZaeDSU5Xx0HNyVTt6S1Fu98/nxUetzDhAEq0ESwwxubIiVzlRAW-PV6IfOQJH4XlI0g),Qmb39mH5yMiQ7FzjYsLroiTpzNybhqERSUXk9kCwDsi63c (https://dl.airtable.com/.attachments/2778796d9f23ca2d6b20c2563674842b/acbdfb0b/Qmb39mH5yMiQ7FzjYsLroiTpzNybhqERSUXk9kCwDsi63c),#891946,Buffies,6.25,6.25,1.00,RC-6.25_RS-6.25_RT-1,"RC:6.25,RS:6.25,RT:1","tts_CherryBosoms-Buffies-29_{RC:6.25,RS:6.25,RT:1}",tts_CherryBosoms-Buffies-29_
28,#e6bbb4,ChocoLattes,t_80.svg (https://v5.airtableusercontent.com/v1/15/15/1680681600000/sloMwVxLcfRe_-OYdfl1wA/YCbLyvtjhJg6LmWIR5OoWt9ZxRGn3oWCUe26Yu0th8T7FBjJF3n5b1-lv0AGSWWq1pQfTNWAVTSlMt-X7vp5qQ/TRB_KRE7kYbTFIEEo6ZZ2Lhn9gF2ximOrq9XizT1k-8),QmVkHK9tHG8u3TYH5u163jVmA7WEbp11cLmkKTzpujzwTR (https://dl.airtable.com/.attachments/dfa4793867cb4ea644ca76eb9165d9d1/c01cb0c8/QmVkHK9tHG8u3TYH5u163jVmA7WEbp11cLmkKTzpujzwTR),#874D3C,Buffies,6.25,6.94,1.11,RC-6.94_RS-6.25_RT-1.11,"RC:6.94,RS:6.25,RT:1.11","tts_ChocoLattes-Buffies-28_{RC:6.94,RS:6.25,RT:1.11}",tts_ChocoLattes-Buffies-28_
27,#9bd3f9,BooBerries,t_62.svg (https://v5.airtableusercontent.com/v1/15/15/1680681600000/V2dKzpdRu7YHp2VpIwkDpQ/XEet4acNlwVSStbqjd_bhAh-vWM-lYH30YWJ2Jnm2DjiZ5K06j84tPcCenneY0NlTgcSwfnRkkK3b7jcRT4_ig/zD71nmYRI45YYs9csGAgOWZ6xd79ahbRyUORwpT7qyI),QmXRtjtcHHedBCutzLYcf8fU6LmSByTmUDEZf1buqKtpeN (https://dl.airtable.com/.attachments/a3ddc3d4f4bb4608b31720ddcb5277a6/8d073130/QmXRtjtcHHedBCutzLYcf8fU6LmSByTmUDEZf1buqKtpeN),#30B4E2,Oh Buoys,8.33,7.64,0.92,RC-7.64_RS-8.33_RT-0.92,"RC:7.64,RS:8.33,RT:0.92","tts_BooBerries-Oh Buoys-27_{RC:7.64,RS:8.33,RT:0.92}",tts_BooBerries-Oh Buoys-27_
26,#ff9a9f,CherryBosoms,t_135.svg (https://v5.airtableusercontent.com/v1/15/15/1680681600000/cw4PitXYije_GxFBiFTqdQ/7utlLHW37B08faAuagrrg69sKiLeeWmNgR_j7JaNWP5sSRcnCD-BJRXO1sQ6LlufZzWoiYp2nrl-GLzPK9lb2X0S9ioXwquigS_Bdcq1_OA/uh3N_Fh4hz5SVolJUEtIt6PC9QT3T8wEXwenZvzS9-4),Qmb39mH5yMiQ7FzjYsLroiTpzNybhqERSUXk9kCwDsi63c (https://dl.airtable.com/.attachments/2778796d9f23ca2d6b20c2563674842b/acbdfb0b/Qmb39mH5yMiQ7FzjYsLroiTpzNybhqERSUXk9kCwDsi63c),#891946,Trooper,6.94,6.25,0.90,RC-6.25_RS-6.94_RT-0.9,"RC:6.25,RS:6.94,RT:0.9","tts_CherryBosoms-Trooper-26_{RC:6.25,RS:6.94,RT:0.9}",tts_CherryBosoms-Trooper-26_
25,#ebf2a7,PaPairmint,t_110.svg (https://v5.airtableusercontent.com/v1/15/15/1680681600000/bK0vK1pI0mNrcERruORZyA/2LfE8Dj3kc3dWccwAw2dhYVBqgo89f2CmVgHQWgtjpttQ5ZWI4RmYxybjDrYiNResgUXPrBf2oNMnwHhMOdg-oyHLIblmpu563qJxKZbVzA/eWEwrR342n17TSksPH2KsSCOMWx1SFkYwvORo9W7t08),QmaG9JqF5XPEymHUzfkYnTy4QCdh336nd2WQNjuAMd6pop (https://dl.airtable.com/.attachments/6845bdc4060a72dce4505d217fd2d4fa/46c49df6/QmaG9JqF5XPEymHUzfkYnTy4QCdh336nd2WQNjuAMd6pop),#BFD65B,Hypnotits,7.64,6.94,0.91,RC-6.94_RS-7.64_RT-0.91,"RC:6.94,RS:7.64,RT:0.91","tts_PaPairmint-Hypnotits-25_{RC:6.94,RS:7.64,RT:0.91}",tts_PaPairmint-Hypnotits-25_
24,#FCDACA,ButterUdders,t_43.svg (https://v5.airtableusercontent.com/v1/15/15/1680681600000/MMQFq4mrpm6xSVaRAUrTtA/GJgQvcUpVdEXV221gOAO3VyuMAG_sgEFmIZtZwryfglQ0Q4i_1xJbgtPaoPtXQfCnPZVjsiHCELZYW1pxtmPmw/pki3PgwJLh9H9as9bLYX8sWo1Cb9wO4OOEmfBhyRcIE),QmUaFe14JgAbwqCzkvXnF7Hh45U441GiPTgBd3xgHbjLBC (https://dl.airtable.com/.attachments/0704685275ab400a55df7d4d0fdac4d2/34932cb0/QmUaFe14JgAbwqCzkvXnF7Hh45U441GiPTgBd3xgHbjLBC),#F9BE9D,Trooper,6.94,8.33,1.20,RC-8.33_RS-6.94_RT-1.2,"RC:8.33,RS:6.94,RT:1.2","tts_ButterUdders-Trooper-24_{RC:8.33,RS:6.94,RT:1.2}",tts_ButterUdders-Trooper-24_
23,#ffd8bd,PeCans,t_98.svg (https://v5.airtableusercontent.com/v1/15/15/1680681600000/ttz5UoTzQ7nAvwfndrIvdA/fwjiHjeGW5h6VIrECeSjrZDxjvYg8JGUWd8FE96k7SLySa0hWL9ZBfUJxGWdRzXbqVFca9V2Ilpani5_1Akh3w/Ig8sC_0f9fmB2yJ714eKtZRKhtT4Ofxb9shQoQKVhCM),QmQ8LZK6kYaw3dSdn8HUBBWieYwgKax1j1PAjcW72J8Z9B (https://dl.airtable.com/.attachments/648e65cf5b832a946ef16fb62b1ceecd/8f81d9c0/QmQ8LZK6kYaw3dSdn8HUBBWieYwgKax1j1PAjcW72J8Z9B),#b7896a,Trooper,6.94,6.94,1.00,RC-6.94_RS-6.94_RT-1,"RC:6.94,RS:6.94,RT:1","tts_PeCans-Trooper-23_{RC:6.94,RS:6.94,RT:1}",tts_PeCans-Trooper-23_
22,#ffd8bd,PeCans,t_91.svg (https://v5.airtableusercontent.com/v1/15/15/1680681600000/ZrVX-wLr_Ad5u0_FWQgxCg/0JoAwF-6Tok6RaF1NN3wSOZZFIDtccBSpNOdZsRUIwLNnMnH4EAiglp6miwuH1YHM1IqJbAye-pJMTZSah6FSQ/1UGzwdY_j91iwVJ6t24FoD4retrjeJtGbRE6XsvufS8),QmQ8LZK6kYaw3dSdn8HUBBWieYwgKax1j1PAjcW72J8Z9B (https://dl.airtable.com/.attachments/648e65cf5b832a946ef16fb62b1ceecd/8f81d9c0/QmQ8LZK6kYaw3dSdn8HUBBWieYwgKax1j1PAjcW72J8Z9B),#b7896a,Hypnotits,7.64,6.94,0.91,RC-6.94_RS-7.64_RT-0.91,"RC:6.94,RS:7.64,RT:0.91","tts_PeCans-Hypnotits-22_{RC:6.94,RS:7.64,RT:0.91}",tts_PeCans-Hypnotits-22_
21,#ffe1b6,TataColadas,t_73.svg (https://v5.airtableusercontent.com/v1/15/15/1680681600000/FMH6KHaEYVP-eSVs5DQRYQ/JAKdS3N_suLpZ_8aGQ6-Rw9xzMQjSDaswQ81PaGfFrBYMO7VokgmaJtZLGYaeHBQ8TvksiT5G54tzj4zpAqH0w/6FkjfkKWYFyPxNDuFw67e1FJXqRHYXv4JkPzJT2HrhE),Qmb1ZKoLFtBkyMHzP8Hx5To7pSiBww2K6oxNmLmyBjra4m (https://dl.airtable.com/.attachments/d3ec99a7946dd75cda147557d3e4c343/9a024460/Qmb1ZKoLFtBkyMHzP8Hx5To7pSiBww2K6oxNmLmyBjra4m),#F9C87A,Oh Buoys,8.33,7.64,0.92,RC-7.64_RS-8.33_RT-0.92,"RC:7.64,RS:8.33,RT:0.92","tts_TataColadas-Oh Buoys-21_{RC:7.64,RS:8.33,RT:0.92}",tts_TataColadas-Oh Buoys-21_
20,#ff9a9f,CherryBosoms,t_136.svg (https://v5.airtableusercontent.com/v1/15/15/1680681600000/vB6p_aFO1sFuZah-Y0M5fw/iQjXYteWpmaD2gzPFBbapND0L5RXWz4pzwd-oy5TtJq6VrNy4g7YPbykkPOuRq1BFlcs7Zx4QBz1iZGp9Ux70WelERwds5UMMGkunKpSLjk/e-N0Vrlqw7zlo2WiOdSRWEw-jVzDQtMoHHZlQPxfRZ4),Qmb39mH5yMiQ7FzjYsLroiTpzNybhqERSUXk9kCwDsi63c (https://dl.airtable.com/.attachments/2778796d9f23ca2d6b20c2563674842b/acbdfb0b/Qmb39mH5yMiQ7FzjYsLroiTpzNybhqERSUXk9kCwDsi63c),#891946,Spades,8.33,6.25,0.75,RC-6.25_RS-8.33_RT-0.75,"RC:6.25,RS:8.33,RT:0.75","tts_CherryBosoms-Spades-20_{RC:6.25,RS:8.33,RT:0.75}",tts_CherryBosoms-Spades-20_
19,#FCDACA,ButterUdders,t_39.svg (https://v5.airtableusercontent.com/v1/15/15/1680681600000/6OGQdUiZKi2RQ8BAqguvAw/Qmez_5OZ2fXBBd-ZqIiziqvwxo1JN1gwTq0-VPg4yAV7bDxmr5R_dQJnnt17bFoILo51Idsc1-jULiaPTAy-Vg/70h5OvBfPpqnKE8SuESuNcurCCc5c8TGAATofI7VCic),QmUaFe14JgAbwqCzkvXnF7Hh45U441GiPTgBd3xgHbjLBC (https://dl.airtable.com/.attachments/0704685275ab400a55df7d4d0fdac4d2/34932cb0/QmUaFe14JgAbwqCzkvXnF7Hh45U441GiPTgBd3xgHbjLBC),#F9BE9D,Perkies,10.42,8.33,0.80,RC-8.33_RS-10.42_RT-0.8,"RC:8.33,RS:10.42,RT:0.8","tts_ButterUdders-Perkies-19_{RC:8.33,RS:10.42,RT:0.8}",tts_ButterUdders-Perkies-19_
18,#FCDACA,ButterUdders,t_38.svg (https://v5.airtableusercontent.com/v1/15/15/1680681600000/LULGz2_KhMQL9yZWIQqP4g/nzy6ZxBcGv8ZAIQfMyUtU74tmiHTLsIVzi93BxePBFysBA7W11WA-2f38uiO5SZ4q9JyVYfgXB22Y3CZIt60_w/7rhn2_51wDO0jAH366vZbA4mZC2X7dEl9xZt5WSSGGQ),QmUaFe14JgAbwqCzkvXnF7Hh45U441GiPTgBd3xgHbjLBC (https://dl.airtable.com/.attachments/0704685275ab400a55df7d4d0fdac4d2/34932cb0/QmUaFe14JgAbwqCzkvXnF7Hh45U441GiPTgBd3xgHbjLBC),#F9BE9D,TotalRecalls,8.33,8.33,1.00,RC-8.33_RS-8.33_RT-1,"RC:8.33,RS:8.33,RT:1","tts_ButterUdders-TotalRecalls-18_{RC:8.33,RS:8.33,RT:1}",tts_ButterUdders-TotalRecalls-18_
17,#e27f84,CherryBosoms,t_12.svg (https://v5.airtableusercontent.com/v1/15/15/1680681600000/NtDDKC2EYftcpvfJfGf5bQ/PwPDX8dGP_zmKmalmv7WwOi8pjcKE5-WSK3QwnLhIxn8lZOB4SiMi50GxSSHrs9JPU8G34nE-VQE676KlmZxHg/LACQn3zKK_3ura6QZyDg_u3LcEt88_GX2qu3kNNnryo),Qmb39mH5yMiQ7FzjYsLroiTpzNybhqERSUXk9kCwDsi63c (https://dl.airtable.com/.attachments/2778796d9f23ca2d6b20c2563674842b/acbdfb0b/Qmb39mH5yMiQ7FzjYsLroiTpzNybhqERSUXk9kCwDsi63c),#891946,Artemis,12.50,0.69,0.06,RC-0.69_RS-12.5_RT-0.06,"RC:0.69,RS:12.5,RT:0.06","tts_CherryBosoms-Artemis-17_{RC:0.69,RS:12.5,RT:0.06}",tts_CherryBosoms-Artemis-17_
16,#ffd8bd,PeCans,t_96.svg (https://v5.airtableusercontent.com/v1/15/15/1680681600000/Wq87vccM_TYxfcxMnWf8ew/lt0UKBKm2vkyQniQG8Pa4am6gl5c3r78jQghfoonfYnEgpaXOWhgRCKrbbGSg5lvv6Jr35qKtECzjsVBuPXhow/P4Hayy-QcBH1-DOucFczbCwULbJnK3sgEEvY5P20h18),QmQ8LZK6kYaw3dSdn8HUBBWieYwgKax1j1PAjcW72J8Z9B (https://dl.airtable.com/.attachments/648e65cf5b832a946ef16fb62b1ceecd/8f81d9c0/QmQ8LZK6kYaw3dSdn8HUBBWieYwgKax1j1PAjcW72J8Z9B),#b7896a,Oh Buoys,8.33,6.94,0.83,RC-6.94_RS-8.33_RT-0.83,"RC:6.94,RS:8.33,RT:0.83","tts_PeCans-Oh Buoys-16_{RC:6.94,RS:8.33,RT:0.83}",tts_PeCans-Oh Buoys-16_
15,#f9cdaf,CupCakes,t_133.svg (https://v5.airtableusercontent.com/v1/15/15/1680681600000/kfFjV0B5MVjZno8vkLeyIA/v0feDq1MDWfHl_b4iKKPYXA9Ma_LgZfCRADDc5fpWVMof-e_Zzm2eYCyhg5M55IqgFhjnpPAqYNK203Y-hcXWHnrcF2kvHGqE185Bc-U3CI/0ppZxdAhbE-Tgi1tx-uSyVkleGYkf7N_CzFdy2iHM8s),QmZ3o3GukiJNgiLon4D84FjmepyGBtJ3Wc4c1Ed46iZoSL (https://dl.airtable.com/.attachments/b5efab95eb96c8e64079b7ac4af01eef/e6c17ccf/QmZ3o3GukiJNgiLon4D84FjmepyGBtJ3Wc4c1Ed46iZoSL),#E29764,Artemis,12.50,8.33,0.67,RC-8.33_RS-12.5_RT-0.67,"RC:8.33,RS:12.5,RT:0.67","tts_CupCakes-Artemis-15_{RC:8.33,RS:12.5,RT:0.67}",tts_CupCakes-Artemis-15_
14,#FCDACA,ButterUdders,t_36.svg (https://v5.airtableusercontent.com/v1/15/15/1680681600000/wRctPU1FZzOlUCuHhnPCbQ/fZoxQph3I20TTIDDNWLxzofcGGayrKwfB-tVktxMZ7D78P2kFpsxki_-E7YSg7eompA46C9CGdKZ9l8R9WS8IA/uTuaq8BDrH56wKe_tagXyNSAJ83Ww2fjmj4C5s_jem0),QmUaFe14JgAbwqCzkvXnF7Hh45U441GiPTgBd3xgHbjLBC (https://dl.airtable.com/.attachments/0704685275ab400a55df7d4d0fdac4d2/34932cb0/QmUaFe14JgAbwqCzkvXnF7Hh45U441GiPTgBd3xgHbjLBC),#F9BE9D,Hypnotits,7.64,8.33,1.09,RC-8.33_RS-7.64_RT-1.09,"RC:8.33,RS:7.64,RT:1.09","tts_ButterUdders-Hypnotits-14_{RC:8.33,RS:7.64,RT:1.09}",tts_ButterUdders-Hypnotits-14_
13,#eacece,CocoNaugthy,t_27.svg (https://v5.airtableusercontent.com/v1/15/15/1680681600000/GB86O1ZhPvFQNfvMwVAKKw/vT33wF8fT-pw1NEHz0KHpJgBopHpJtyeyZvLqJpPPutp54cdeo4_9IRxVeQGSvx4JBy4l_R42r_7Wp6n7mf5ag/R0UhrW0xGw2PEOETzS3hPFY3-oxczZTsbkq2TewPXm0),QmSfZtwMCQ1nF2xt8vM3FDJudgw6uNwR6fdkuAn6hQ5cKS (https://dl.airtable.com/.attachments/ba3095af1bb3382da6d8d18c31c7483a/a51854b3/QmSfZtwMCQ1nF2xt8vM3FDJudgw6uNwR6fdkuAn6hQ5cKS),#D6AAAA,Spades,8.33,8.33,1.00,RC-8.33_RS-8.33_RT-1,"RC:8.33,RS:8.33,RT:1","tts_CocoNaugthy-Spades-13_{RC:8.33,RS:8.33,RT:1}",tts_CocoNaugthy-Spades-13_
12,#eacece,CocoNaugthy,t_25.svg (https://v5.airtableusercontent.com/v1/15/15/1680681600000/HRuuGGBFVSeAyfmwl1p7hg/TSiARiWnQjxJq-7YcHWTD3L7YTA23m0eMsuK2gAbWQJ02UeYsDURlt2bSXtN6Yvwgq9fIvB79Q0z8gM-7Cv4zA/6cTpVkO-pt-2mB7EXuTBq_-tQhSglgdetpl-EvxQa7U),QmSfZtwMCQ1nF2xt8vM3FDJudgw6uNwR6fdkuAn6hQ5cKS (https://dl.airtable.com/.attachments/ba3095af1bb3382da6d8d18c31c7483a/a51854b3/QmSfZtwMCQ1nF2xt8vM3FDJudgw6uNwR6fdkuAn6hQ5cKS),#D6AAAA,Buffies,6.25,8.33,1.33,RC-8.33_RS-6.25_RT-1.33,"RC:8.33,RS:6.25,RT:1.33","tts_CocoNaugthy-Buffies-12_{RC:8.33,RS:6.25,RT:1.33}",tts_CocoNaugthy-Buffies-12_
11,#e6bbb4,ChocoLattes,t_82.svg (https://v5.airtableusercontent.com/v1/15/15/1680681600000/oUl3bcb0Rj6RktVOc7qqCw/-Njd6BP4ItEiK_iZzXkpZzSaslyWitO9MhtPqJ52eqosfm1oTtJeQOEoU1VVRxzgkDI0CMmb1pzuIvRjG-6PkA/7xZSVpM2QDK3MCWos9So4vO3GhK_RtzdEDmXx0Epjsk),QmVkHK9tHG8u3TYH5u163jVmA7WEbp11cLmkKTzpujzwTR (https://dl.airtable.com/.attachments/dfa4793867cb4ea644ca76eb9165d9d1/c01cb0c8/QmVkHK9tHG8u3TYH5u163jVmA7WEbp11cLmkKTzpujzwTR),#874D3C,Spades,8.33,6.94,0.83,RC-6.94_RS-8.33_RT-0.83,"RC:6.94,RS:8.33,RT:0.83","tts_ChocoLattes-Spades-11_{RC:6.94,RS:8.33,RT:0.83}",tts_ChocoLattes-Spades-11_
10,#ff9a9f,CherryBosoms,t_138.svg (https://v5.airtableusercontent.com/v1/15/15/1680681600000/bTgFS2Sbb3StEE_6e-0SWg/SOxIUwxcLdBWD-78hCEHJ6AgWMNfBWO2wC0IFM1DLHBQ9UO94rglu2eEiRa0W4sl33sVPVwcDWgLa64qCA6M2Of02AxOTHaHLBWV1BZVKBg/FFbUUz6CTGh-qCNVu8nZWBYCPjcarZMl07ThoAQc1q0),Qmb39mH5yMiQ7FzjYsLroiTpzNybhqERSUXk9kCwDsi63c (https://dl.airtable.com/.attachments/2778796d9f23ca2d6b20c2563674842b/acbdfb0b/Qmb39mH5yMiQ7FzjYsLroiTpzNybhqERSUXk9kCwDsi63c),#891946,Oh Buoys,8.33,6.25,0.75,RC-6.25_RS-8.33_RT-0.75,"RC:6.25,RS:8.33,RT:0.75","tts_CherryBosoms-Oh Buoys-10_{RC:6.25,RS:8.33,RT:0.75}",tts_CherryBosoms-Oh Buoys-10_
9,#FCDACA,ButterUdders,t_40.svg (https://v5.airtableusercontent.com/v1/15/15/1680681600000/TEU2A3-dzGifBg66r9HgHw/HYzJKpQRdow0UUp7t9ahKmz_AAf105AnqqQQkkMERqBaOjKKGqHNq3JBWL4qkcGqTNwi9wK1vG6D5tPyiA6hZg/C5qeGLjPREe2jYQMHvQdQYN3nTd2ztcgnplKIdw-8Q4),QmUaFe14JgAbwqCzkvXnF7Hh45U441GiPTgBd3xgHbjLBC (https://dl.airtable.com/.attachments/0704685275ab400a55df7d4d0fdac4d2/34932cb0/QmUaFe14JgAbwqCzkvXnF7Hh45U441GiPTgBd3xgHbjLBC),#F9BE9D,Oh Buoys,8.33,8.33,1.00,RC-8.33_RS-8.33_RT-1,"RC:8.33,RS:8.33,RT:1","tts_ButterUdders-Oh Buoys-9_{RC:8.33,RS:8.33,RT:1}",tts_ButterUdders-Oh Buoys-9_
8,#9bd3f9,BooBerries,t_57.svg (https://v5.airtableusercontent.com/v1/15/15/1680681600000/5eBTjm7D8h5W_13YqTsYCw/T1PXsEC_OD264IyM5ZiUifA5eAf-__OwsVhmWfjzxVjfY7heml8E-2ICmkKuuVOso1EIBtDZ9Ixx3-gudb8RUg/sm03tM3Y1jWUPTNxEZ1mAr3cn0eEC-ltcI6XXuqZQ3c),QmXRtjtcHHedBCutzLYcf8fU6LmSByTmUDEZf1buqKtpeN (https://dl.airtable.com/.attachments/a3ddc3d4f4bb4608b31720ddcb5277a6/8d073130/QmXRtjtcHHedBCutzLYcf8fU6LmSByTmUDEZf1buqKtpeN),#30B4E2,Hoots,8.33,7.64,0.92,RC-7.64_RS-8.33_RT-0.92,"RC:7.64,RS:8.33,RT:0.92","tts_BooBerries-Hoots-8_{RC:7.64,RS:8.33,RT:0.92}",tts_BooBerries-Hoots-8_
7,#f4d4fc,StarBust,t_1.svg (https://v5.airtableusercontent.com/v1/15/15/1680681600000/fUu6oQwfXsABBBjQhs4TEw/-7N_-ghBlAK9KiZgeYFNUIvahJSjHFztkucNXRZOIY_yu7DaMYWE_Fkag_ThOtZ9iOmDRJJ8o10Q2JwgRBGKJw/ttoU1LsNNXOuK0vsqD00LnpVE-Hug3pTG6GHhJHj6Hk),QmTPdpM75RhKchiBFacMyS2KdgAHQKzdvFCmZuXzax2qp7 (https://dl.airtable.com/.attachments/e76e553cca6e27005ffee1798ce70051/62e13224/QmTPdpM75RhKchiBFacMyS2KdgAHQKzdvFCmZuXzax2qp7),#F3A4FF,Hoots,8.33,8.33,1.00,RC-8.33_RS-8.33_RT-1,"RC:8.33,RS:8.33,RT:1","tts_StarBust-Hoots-7_{RC:8.33,RS:8.33,RT:1}",tts_StarBust-Hoots-7_
6,#eacece,CocoNaugthy,t_28.svg (https://v5.airtableusercontent.com/v1/15/15/1680681600000/EblRIbjL1dW_ZMPesdJ1Jg/7eN_MW2ISBBS7QBBaGPW0pRtEnrGkfpLLZScpxHxJeQ6JSMZ2U04BIZ7SAQmr3bjLAk8cLstwuFKlxOzujR7NQ/VoyRhAXbbkGFZHUwEDwFDJ11_Do06NDS4pEcuqZCNEY),QmSfZtwMCQ1nF2xt8vM3FDJudgw6uNwR6fdkuAn6hQ5cKS (https://dl.airtable.com/.attachments/ba3095af1bb3382da6d8d18c31c7483a/a51854b3/QmSfZtwMCQ1nF2xt8vM3FDJudgw6uNwR6fdkuAn6hQ5cKS),#D6AAAA,Shaggies,6.94,8.33,1.20,RC-8.33_RS-6.94_RT-1.2,"RC:8.33,RS:6.94,RT:1.2","tts_CocoNaugthy-Shaggies-6_{RC:8.33,RS:6.94,RT:1.2}",tts_CocoNaugthy-Shaggies-6_
5,#eacece,CocoNaugthy,t_29.svg (https://v5.airtableusercontent.com/v1/15/15/1680681600000/zoTcVMwsEY9gEzYAULbXVA/sYwdWBouq2LILC4TKstjepQR4oT82ikQXhP1u0S54Tbc6t-nIwqgo2_aQnBkaCBSiKPBrBFfE0hnsJV8ulCmIA/msEIgt78A34vt8eS_9NpBmEuXzug3imeJcDgE7CqXWQ),QmSfZtwMCQ1nF2xt8vM3FDJudgw6uNwR6fdkuAn6hQ5cKS (https://dl.airtable.com/.attachments/ba3095af1bb3382da6d8d18c31c7483a/a51854b3/QmSfZtwMCQ1nF2xt8vM3FDJudgw6uNwR6fdkuAn6hQ5cKS),#D6AAAA,Oh Buoys,8.33,8.33,1.00,RC-8.33_RS-8.33_RT-1,"RC:8.33,RS:8.33,RT:1","tts_CocoNaugthy-Oh Buoys-5_{RC:8.33,RS:8.33,RT:1}",tts_CocoNaugthy-Oh Buoys-5_
4,#eacece,CocoNaugthy,t_31.svg (https://v5.airtableusercontent.com/v1/15/15/1680681600000/Ss38ck6nRdvJ7Mo-e2GoiA/4VPNNlJnjp960692W9HS3c1fswz6VRnd8trtdcaGBwiz_dJsIBsvd6xx6Eau6rJ8rVphBwEOczNyJcCA5AB48g/rWzyYt3AzQ9HYcFfU1bOKZ-DH_s7IJAhP3qFgA6Jv5o),QmSfZtwMCQ1nF2xt8vM3FDJudgw6uNwR6fdkuAn6hQ5cKS (https://dl.airtable.com/.attachments/ba3095af1bb3382da6d8d18c31c7483a/a51854b3/QmSfZtwMCQ1nF2xt8vM3FDJudgw6uNwR6fdkuAn6hQ5cKS),#D6AAAA,TotalRecalls,8.33,8.33,1.00,RC-8.33_RS-8.33_RT-1,"RC:8.33,RS:8.33,RT:1","tts_CocoNaugthy-TotalRecalls-4_{RC:8.33,RS:8.33,RT:1}",tts_CocoNaugthy-TotalRecalls-4_
3,#eacece,CocoNaugthy,t_24.svg (https://v5.airtableusercontent.com/v1/15/15/1680681600000/QXtF54WUxbPuRCl1YA7MkA/qtlCSpD0DRF4kVZWZGaq7tAFozTaOjBNqt2_M-usapW4c9ZXd-3ksDFrwuzwhYNjrZ8vZBNZ14GW8DbdY6Lmjw/UnUEFls3HRNCk_YPrLpFeRGHIq7fHT7pEcKWvEYuBDE),QmSfZtwMCQ1nF2xt8vM3FDJudgw6uNwR6fdkuAn6hQ5cKS (https://dl.airtable.com/.attachments/ba3095af1bb3382da6d8d18c31c7483a/a51854b3/QmSfZtwMCQ1nF2xt8vM3FDJudgw6uNwR6fdkuAn6hQ5cKS),#D6AAAA,Artemis,12.50,8.33,0.67,RC-8.33_RS-12.5_RT-0.67,"RC:8.33,RS:12.5,RT:0.67","tts_CocoNaugthy-Artemis-3_{RC:8.33,RS:12.5,RT:0.67}",tts_CocoNaugthy-Artemis-3_
2,#c1958e,ChocoLattes,t_7.svg (https://v5.airtableusercontent.com/v1/15/15/1680681600000/-3XjzSsuqUwbHF7Q2M4n7w/WcQ724jcY7eq6iy9KaT40W2vvxmwRToRUm254JnSDjpQ-r3mO-ANdLP8FUlzQCffuchGA3Cwtf-BJnPpod1ugA/8p11_QDWVPP9ewRXmy0hi-MPtGBwU6YiKo048cQ70l0),QmVkHK9tHG8u3TYH5u163jVmA7WEbp11cLmkKTzpujzwTR (https://dl.airtable.com/.attachments/dfa4793867cb4ea644ca76eb9165d9d1/c01cb0c8/QmVkHK9tHG8u3TYH5u163jVmA7WEbp11cLmkKTzpujzwTR),#874D3C,Oh Buoys,8.33,0.69,0.08,RC-0.69_RS-8.33_RT-0.08,"RC:0.69,RS:8.33,RT:0.08","tts_ChocoLattes-Oh Buoys-2_{RC:0.69,RS:8.33,RT:0.08}",tts_ChocoLattes-Oh Buoys-2_
1,#eacece,CocoNaugthy,t_26.svg (https://v5.airtableusercontent.com/v1/15/15/1680681600000/SuP9EbNWr0n4z3bly_ALIA/5Ks9EOOgb_grDzYDHX6Mej5oTPErtAXgbpLuiuMRg8IZFLchFcLRwS_t29iSxk8yl8pGvw_wVQEj-_8eagGTeA/euL5_BtHAaqXQdCJqi3bh_i-OjpbPhSiPWc7BY4IzCc),QmSfZtwMCQ1nF2xt8vM3FDJudgw6uNwR6fdkuAn6hQ5cKS (https://dl.airtable.com/.attachments/ba3095af1bb3382da6d8d18c31c7483a/a51854b3/QmSfZtwMCQ1nF2xt8vM3FDJudgw6uNwR6fdkuAn6hQ5cKS),#D6AAAA,Trooper,6.94,8.33,1.20,RC-8.33_RS-6.94_RT-1.2,"RC:8.33,RS:6.94,RT:1.2","tts_CocoNaugthy-Trooper-1_{RC:8.33,RS:6.94,RT:1.2}",tts_CocoNaugthy-Trooper-1_